TIPO,CATEGORIA,SUBCATEGORIA (Espa√±ol),FAMILIA (Espa√±ol),Nombre del Producto en Ingl√©s (CALIDAD),Nombre del Producto en Espa√±ol,Descripci√≥n MKT,Caracter√≠sticas,Cod SAP local,EAN ,Merch Code,Tono,Status 2023
TIPO,CATEGORIA,SUBCATEGORIA (Espa√±ol),FAMILIA (Espa√±ol),Nombre del Producto en Ingl√©s (CALIDAD),Nombre del Producto en Espa√±ol,Descripci√≥n MKT,Caracter√≠sticas,Cod SAP local,EAN ,Merch Code,Tono,Status 2023
Revlon ColorSilk,Coloraci√≥n,Coloraci√≥n Permanente,ColorSilk,Colorsilk Beautiful Color ,Coloraci√≥n permanente sin Amoniaco 3D Color con Keratina,"La tintura de cabello permanente sin amon√≠aco # 1 en Estados Unidos. 
Para una cobertura del 100% de las canas, color de alta definici√≥n y larga duraci√≥n, brillo y suavidad sedosa.

‚Ä¢	Tecnolog√≠a de gel de color 3D: proporciona un color multitono de aspecto natural de la ra√≠z a las puntas.
‚Ä¢	F√≥rmula con queratina
‚Ä¢	Deja el cabello en mejor estado que antes de colorearlo.
FORMULA NUEVA Y MEJORADA PARA UNA MEZCLA DE COLOR √ìPTIMA
‚Ä¢	F√≥rmula √≥ptima: antigoteo para mejores resultados de color en casa.
‚Ä¢	Color de calidad de sal√≥n.
‚Ä¢	Acondicionador ultra hidratante para el control del frizz.
‚Ä¢	Nuevos tonos de alto rendimiento para rubios + rojos. Sin amon√≠aco.
‚Ä¢	Mantiene la fuerza del cabello despu√©s del proceso de color. ","Te dejamos unos tips para que te animes a hacerlo vos tambi√©n:
Paso 1 | Mezclar: Vertir el colorante sin amon√≠aco en la botella de crema reveladora de color.¬†Agit√° hasta que la preparaci√≥n est√© completamente mezclada.¬†

Paso 2 | Aplicar: Dividir el cabello en 4 secciones iguales.¬†Aplic√° la mezcla al √°rea de la ra√≠z en cada separaci√≥n sin frotar el cuero cabelludo.¬†

Paso 3 | Esperar: Dejar la mezcla sobre el cabello durante 25 minutos en total.¬†Para cabello gris resistente, dejalo actuar durante 10 minutos adicionales.¬†Para tonos rubios, agreg√° 20 minutos adicionales al tiempo total de procesamiento.¬†

Paso 4 | Enjuagar: Agregar un poco de agua tibia al cabello y masaje√° suavemente la mezcla de color por el cabello.¬†Enjuague el cabello por completo.¬†

Paso 5 | Acondicionamiento: Aplicar el acondicionador en crema ultrahidratante despu√©s de la aplicaci√≥n del color.¬†Dejar actuar durante 3 minutos y luego enjuagar con agua tibia.",7248365004,309977326046,004,Rubio Ultra Claro Natural,Regular
Revlon ColorSilk,Coloraci√≥n,Coloraci√≥n Permanente,ColorSilk,Colorsilk Beautiful Color ,Coloraci√≥n permanente sin Amoniaco 3D Color con Keratina,"La tintura de cabello permanente sin amon√≠aco # 1 en Estados Unidos. 
Para una cobertura del 100% de las canas, color de alta definici√≥n y larga duraci√≥n, brillo y suavidad sedosa.

‚Ä¢	Tecnolog√≠a de gel de color 3D: proporciona un color multitono de aspecto natural de la ra√≠z a las puntas.
‚Ä¢	F√≥rmula con queratina
‚Ä¢	Deja el cabello en mejor estado que antes de colorearlo.
FORMULA NUEVA Y MEJORADA PARA UNA MEZCLA DE COLOR √ìPTIMA
‚Ä¢	F√≥rmula √≥ptima: antigoteo para mejores resultados de color en casa.
‚Ä¢	Color de calidad de sal√≥n.
‚Ä¢	Acondicionador ultra hidratante para el control del frizz.
‚Ä¢	Nuevos tonos de alto rendimiento para rubios + rojos. Sin amon√≠aco.
‚Ä¢	Mantiene la fuerza del cabello despu√©s del proceso de color. ","¬øTe anim√°s a te√±irte vos misma? Te dejamos unos tips para que lo hagas (es muy f√°cil üòâ)
‚Ä¢Paso 1 | Mezclar: Vertir el colorante sin amon√≠aco en la botella de crema reveladora de color. Agit√° hasta que la preparaci√≥n est√© completamente mezclada.
‚Ä¢Paso 2 | Aplicar: Dividir el cabello en 4 secciones iguales. Aplic√° la mezcla al √°rea de la ra√≠z en cada separaci√≥n sin frotar el cuero cabelludo.
‚Ä¢Paso 3 | Esperar: Dejar la mezcla sobre el cabello durante 25 minutos en total. Para cabello gris resistente, dejalo actuar durante 10 minutos adicionales. Para tonos rubios, agreg√° 20 minutos adicionales al tiempo total de procesamiento.
‚Ä¢Paso 4 | Enjuagar: Agregar un poco de agua tibia al cabello y masaje√° suavemente la mezcla de color por el cabello. Enjuague el cabello por completo.
‚Ä¢Paso 5 | Acondicionamiento: Aplicar el acondicionador en crema ultrahidratante despu√©s de la aplicaci√≥n del color. Dejar actuar durante 3 minutos y luego enjuagar con agua tibia.",7248365005,309976623054,005,Rubio Ultra Claro Ceniza,Regular
Revlon ColorSilk,Coloraci√≥n,Coloraci√≥n Permanente,ColorSilk,Colorsilk Beautiful Color ,Coloraci√≥n permanente sin Amoniaco 3D Color con Keratina,"La tintura de cabello permanente sin amon√≠aco # 1 en Estados Unidos. 
Para una cobertura del 100% de las canas, color de alta definici√≥n y larga duraci√≥n, brillo y suavidad sedosa.

‚Ä¢	Tecnolog√≠a de gel de color 3D: proporciona un color multitono de aspecto natural de la ra√≠z a las puntas.
‚Ä¢	F√≥rmula con queratina
‚Ä¢	Deja el cabello en mejor estado que antes de colorearlo.
FORMULA NUEVA Y MEJORADA PARA UNA MEZCLA DE COLOR √ìPTIMA
‚Ä¢	F√≥rmula √≥ptima: antigoteo para mejores resultados de color en casa.
‚Ä¢	Color de calidad de sal√≥n.
‚Ä¢	Acondicionador ultra hidratante para el control del frizz.
‚Ä¢	Nuevos tonos de alto rendimiento para rubios + rojos. Sin amon√≠aco.
‚Ä¢	Mantiene la fuerza del cabello despu√©s del proceso de color. ","¬øTe anim√°s a te√±irte vos misma? Te dejamos unos tips para que lo hagas (es muy f√°cil üòâ)
‚Ä¢Paso 1 | Mezclar: Vertir el colorante sin amon√≠aco en la botella de crema reveladora de color. Agit√° hasta que la preparaci√≥n est√© completamente mezclada.
‚Ä¢Paso 2 | Aplicar: Dividir el cabello en 4 secciones iguales. Aplic√° la mezcla al √°rea de la ra√≠z en cada separaci√≥n sin frotar el cuero cabelludo.
‚Ä¢Paso 3 | Esperar: Dejar la mezcla sobre el cabello durante 25 minutos en total. Para cabello gris resistente, dejalo actuar durante 10 minutos adicionales. Para tonos rubios, agreg√° 20 minutos adicionales al tiempo total de procesamiento.
‚Ä¢Paso 4 | Enjuagar: Agregar un poco de agua tibia al cabello y masaje√° suavemente la mezcla de color por el cabello. Enjuague el cabello por completo.
‚Ä¢Paso 5 | Acondicionamiento: Aplicar el acondicionador en crema ultrahidratante despu√©s de la aplicaci√≥n del color. Dejar actuar durante 3 minutos y luego enjuagar con agua tibia.",7248365010,309978695103,010,Negro,Regular
Revlon ColorSilk,Coloraci√≥n,Coloraci√≥n Permanente,ColorSilk,Colorsilk Beautiful Color ,Coloraci√≥n permanente sin Amoniaco 3D Color con Keratina,"La tintura de cabello permanente sin amon√≠aco # 1 en Estados Unidos. 
Para una cobertura del 100% de las canas, color de alta definici√≥n y larga duraci√≥n, brillo y suavidad sedosa.

‚Ä¢	Tecnolog√≠a de gel de color 3D: proporciona un color multitono de aspecto natural de la ra√≠z a las puntas.
‚Ä¢	F√≥rmula con queratina
‚Ä¢	Deja el cabello en mejor estado que antes de colorearlo.
FORMULA NUEVA Y MEJORADA PARA UNA MEZCLA DE COLOR √ìPTIMA
‚Ä¢	F√≥rmula √≥ptima: antigoteo para mejores resultados de color en casa.
‚Ä¢	Color de calidad de sal√≥n.
‚Ä¢	Acondicionador ultra hidratante para el control del frizz.
‚Ä¢	Nuevos tonos de alto rendimiento para rubios + rojos. Sin amon√≠aco.
‚Ä¢	Mantiene la fuerza del cabello despu√©s del proceso de color. ","¬øTe anim√°s a te√±irte vos misma? Te dejamos unos tips para que lo hagas (es muy f√°cil üòâ)
‚Ä¢Paso 1 | Mezclar: Vertir el colorante sin amon√≠aco en la botella de crema reveladora de color. Agit√° hasta que la preparaci√≥n est√© completamente mezclada.
‚Ä¢Paso 2 | Aplicar: Dividir el cabello en 4 secciones iguales. Aplic√° la mezcla al √°rea de la ra√≠z en cada separaci√≥n sin frotar el cuero cabelludo.
‚Ä¢Paso 3 | Esperar: Dejar la mezcla sobre el cabello durante 25 minutos en total. Para cabello gris resistente, dejalo actuar durante 10 minutos adicionales. Para tonos rubios, agreg√° 20 minutos adicionales al tiempo total de procesamiento.
‚Ä¢Paso 4 | Enjuagar: Agregar un poco de agua tibia al cabello y masaje√° suavemente la mezcla de color por el cabello. Enjuague el cabello por completo.
‚Ä¢Paso 5 | Acondicionamiento: Aplicar el acondicionador en crema ultrahidratante despu√©s de la aplicaci√≥n del color. Dejar actuar durante 3 minutos y luego enjuagar con agua tibia.",7248365011,309978695110,011,Negro Suave,Regular
Revlon ColorSilk,Coloraci√≥n,Coloraci√≥n Permanente,ColorSilk,Colorsilk Beautiful Color ,Coloraci√≥n permanente sin Amoniaco 3D Color con Keratina,"La tintura de cabello permanente sin amon√≠aco # 1 en Estados Unidos. 
Para una cobertura del 100% de las canas, color de alta definici√≥n y larga duraci√≥n, brillo y suavidad sedosa.

‚Ä¢	Tecnolog√≠a de gel de color 3D: proporciona un color multitono de aspecto natural de la ra√≠z a las puntas.
‚Ä¢	F√≥rmula con queratina
‚Ä¢	Deja el cabello en mejor estado que antes de colorearlo.
FORMULA NUEVA Y MEJORADA PARA UNA MEZCLA DE COLOR √ìPTIMA
‚Ä¢	F√≥rmula √≥ptima: antigoteo para mejores resultados de color en casa.
‚Ä¢	Color de calidad de sal√≥n.
‚Ä¢	Acondicionador ultra hidratante para el control del frizz.
‚Ä¢	Nuevos tonos de alto rendimiento para rubios + rojos. Sin amon√≠aco.
‚Ä¢	Mantiene la fuerza del cabello despu√©s del proceso de color. ","¬øTe anim√°s a te√±irte vos misma? Te dejamos unos tips para que lo hagas (es muy f√°cil üòâ)
‚Ä¢Paso 1 | Mezclar: Vertir el colorante sin amon√≠aco en la botella de crema reveladora de color. Agit√° hasta que la preparaci√≥n est√© completamente mezclada.
‚Ä¢Paso 2 | Aplicar: Dividir el cabello en 4 secciones iguales. Aplic√° la mezcla al √°rea de la ra√≠z en cada separaci√≥n sin frotar el cuero cabelludo.
‚Ä¢Paso 3 | Esperar: Dejar la mezcla sobre el cabello durante 25 minutos en total. Para cabello gris resistente, dejalo actuar durante 10 minutos adicionales. Para tonos rubios, agreg√° 20 minutos adicionales al tiempo total de procesamiento.
‚Ä¢Paso 4 | Enjuagar: Agregar un poco de agua tibia al cabello y masaje√° suavemente la mezcla de color por el cabello. Enjuague el cabello por completo.
‚Ä¢Paso 5 | Acondicionamiento: Aplicar el acondicionador en crema ultrahidratante despu√©s de la aplicaci√≥n del color. Dejar actuar durante 3 minutos y luego enjuagar con agua tibia.",7248365012,309976623122,012,Negro Azulado,Regular
Revlon ColorSilk,Coloraci√≥n,Coloraci√≥n Permanente,ColorSilk,Colorsilk Beautiful Color ,Coloraci√≥n permanente sin Amoniaco 3D Color con Keratina,"La tintura de cabello permanente sin amon√≠aco # 1 en Estados Unidos. 
Para una cobertura del 100% de las canas, color de alta definici√≥n y larga duraci√≥n, brillo y suavidad sedosa.

‚Ä¢	Tecnolog√≠a de gel de color 3D: proporciona un color multitono de aspecto natural de la ra√≠z a las puntas.
‚Ä¢	F√≥rmula con queratina
‚Ä¢	Deja el cabello en mejor estado que antes de colorearlo.
FORMULA NUEVA Y MEJORADA PARA UNA MEZCLA DE COLOR √ìPTIMA
‚Ä¢	F√≥rmula √≥ptima: antigoteo para mejores resultados de color en casa.
‚Ä¢	Color de calidad de sal√≥n.
‚Ä¢	Acondicionador ultra hidratante para el control del frizz.
‚Ä¢	Nuevos tonos de alto rendimiento para rubios + rojos. Sin amon√≠aco.
‚Ä¢	Mantiene la fuerza del cabello despu√©s del proceso de color. ","¬øTe anim√°s a te√±irte vos misma? Te dejamos unos tips para que lo hagas (es muy f√°cil üòâ)
‚Ä¢Paso 1 | Mezclar: Vertir el colorante sin amon√≠aco en la botella de crema reveladora de color. Agit√° hasta que la preparaci√≥n est√© completamente mezclada.
‚Ä¢Paso 2 | Aplicar: Dividir el cabello en 4 secciones iguales. Aplic√° la mezcla al √°rea de la ra√≠z en cada separaci√≥n sin frotar el cuero cabelludo.
‚Ä¢Paso 3 | Esperar: Dejar la mezcla sobre el cabello durante 25 minutos en total. Para cabello gris resistente, dejalo actuar durante 10 minutos adicionales. Para tonos rubios, agreg√° 20 minutos adicionales al tiempo total de procesamiento.
‚Ä¢Paso 4 | Enjuagar: Agregar un poco de agua tibia al cabello y masaje√° suavemente la mezcla de color por el cabello. Enjuague el cabello por completo.
‚Ä¢Paso 5 | Acondicionamiento: Aplicar el acondicionador en crema ultrahidratante despu√©s de la aplicaci√≥n del color. Dejar actuar durante 3 minutos y luego enjuagar con agua tibia.",7248365020,309978695202,020,Negro Natural,Regular
Revlon ColorSilk,Coloraci√≥n,Coloraci√≥n Permanente,ColorSilk,Colorsilk Beautiful Color ,Coloraci√≥n permanente sin Amoniaco 3D Color con Keratina,"La tintura de cabello permanente sin amon√≠aco # 1 en Estados Unidos. 
Para una cobertura del 100% de las canas, color de alta definici√≥n y larga duraci√≥n, brillo y suavidad sedosa.

‚Ä¢	Tecnolog√≠a de gel de color 3D: proporciona un color multitono de aspecto natural de la ra√≠z a las puntas.
‚Ä¢	F√≥rmula con queratina
‚Ä¢	Deja el cabello en mejor estado que antes de colorearlo.
FORMULA NUEVA Y MEJORADA PARA UNA MEZCLA DE COLOR √ìPTIMA
‚Ä¢	F√≥rmula √≥ptima: antigoteo para mejores resultados de color en casa.
‚Ä¢	Color de calidad de sal√≥n.
‚Ä¢	Acondicionador ultra hidratante para el control del frizz.
‚Ä¢	Nuevos tonos de alto rendimiento para rubios + rojos. Sin amon√≠aco.
‚Ä¢	Mantiene la fuerza del cabello despu√©s del proceso de color. ","¬øTe anim√°s a te√±irte vos misma? Te dejamos unos tips para que lo hagas (es muy f√°cil üòâ)
‚Ä¢Paso 1 | Mezclar: Vertir el colorante sin amon√≠aco en la botella de crema reveladora de color. Agit√° hasta que la preparaci√≥n est√© completamente mezclada.
‚Ä¢Paso 2 | Aplicar: Dividir el cabello en 4 secciones iguales. Aplic√° la mezcla al √°rea de la ra√≠z en cada separaci√≥n sin frotar el cuero cabelludo.
‚Ä¢Paso 3 | Esperar: Dejar la mezcla sobre el cabello durante 25 minutos en total. Para cabello gris resistente, dejalo actuar durante 10 minutos adicionales. Para tonos rubios, agreg√° 20 minutos adicionales al tiempo total de procesamiento.
‚Ä¢Paso 4 | Enjuagar: Agregar un poco de agua tibia al cabello y masaje√° suavemente la mezcla de color por el cabello. Enjuague el cabello por completo.
‚Ä¢Paso 5 | Acondicionamiento: Aplicar el acondicionador en crema ultrahidratante despu√©s de la aplicaci√≥n del color. Dejar actuar durante 3 minutos y luego enjuagar con agua tibia.",7248365030,309978695301,030,Casta√±o Oscuro,Regular
Revlon ColorSilk,Coloraci√≥n,Coloraci√≥n Permanente,ColorSilk,Colorsilk Beautiful Color ,Coloraci√≥n permanente sin Amoniaco 3D Color con Keratina,"La tintura de cabello permanente sin amon√≠aco # 1 en Estados Unidos. 
Para una cobertura del 100% de las canas, color de alta definici√≥n y larga duraci√≥n, brillo y suavidad sedosa.

‚Ä¢	Tecnolog√≠a de gel de color 3D: proporciona un color multitono de aspecto natural de la ra√≠z a las puntas.
‚Ä¢	F√≥rmula con queratina
‚Ä¢	Deja el cabello en mejor estado que antes de colorearlo.
FORMULA NUEVA Y MEJORADA PARA UNA MEZCLA DE COLOR √ìPTIMA
‚Ä¢	F√≥rmula √≥ptima: antigoteo para mejores resultados de color en casa.
‚Ä¢	Color de calidad de sal√≥n.
‚Ä¢	Acondicionador ultra hidratante para el control del frizz.
‚Ä¢	Nuevos tonos de alto rendimiento para rubios + rojos. Sin amon√≠aco.
‚Ä¢	Mantiene la fuerza del cabello despu√©s del proceso de color. ","¬øTe anim√°s a te√±irte vos misma? Te dejamos unos tips para que lo hagas (es muy f√°cil üòâ)
‚Ä¢Paso 1 | Mezclar: Vertir el colorante sin amon√≠aco en la botella de crema reveladora de color. Agit√° hasta que la preparaci√≥n est√© completamente mezclada.
‚Ä¢Paso 2 | Aplicar: Dividir el cabello en 4 secciones iguales. Aplic√° la mezcla al √°rea de la ra√≠z en cada separaci√≥n sin frotar el cuero cabelludo.
‚Ä¢Paso 3 | Esperar: Dejar la mezcla sobre el cabello durante 25 minutos en total. Para cabello gris resistente, dejalo actuar durante 10 minutos adicionales. Para tonos rubios, agreg√° 20 minutos adicionales al tiempo total de procesamiento.
‚Ä¢Paso 4 | Enjuagar: Agregar un poco de agua tibia al cabello y masaje√° suavemente la mezcla de color por el cabello. Enjuague el cabello por completo.
‚Ä¢Paso 5 | Acondicionamiento: Aplicar el acondicionador en crema ultrahidratante despu√©s de la aplicaci√≥n del color. Dejar actuar durante 3 minutos y luego enjuagar con agua tibia.",7248365033,309978695332,033,Casta√±o Oscuro Dorado,Regular
Revlon ColorSilk,Coloraci√≥n,Coloraci√≥n Permanente,ColorSilk,Colorsilk Beautiful Color ,Coloraci√≥n permanente sin Amoniaco 3D Color con Keratina,"La tintura de cabello permanente sin amon√≠aco # 1 en Estados Unidos. 
Para una cobertura del 100% de las canas, color de alta definici√≥n y larga duraci√≥n, brillo y suavidad sedosa.

‚Ä¢	Tecnolog√≠a de gel de color 3D: proporciona un color multitono de aspecto natural de la ra√≠z a las puntas.
‚Ä¢	F√≥rmula con queratina
‚Ä¢	Deja el cabello en mejor estado que antes de colorearlo.
FORMULA NUEVA Y MEJORADA PARA UNA MEZCLA DE COLOR √ìPTIMA
‚Ä¢	F√≥rmula √≥ptima: antigoteo para mejores resultados de color en casa.
‚Ä¢	Color de calidad de sal√≥n.
‚Ä¢	Acondicionador ultra hidratante para el control del frizz.
‚Ä¢	Nuevos tonos de alto rendimiento para rubios + rojos. Sin amon√≠aco.
‚Ä¢	Mantiene la fuerza del cabello despu√©s del proceso de color. ","¬øTe anim√°s a te√±irte vos misma? Te dejamos unos tips para que lo hagas (es muy f√°cil üòâ)
‚Ä¢Paso 1 | Mezclar: Vertir el colorante sin amon√≠aco en la botella de crema reveladora de color. Agit√° hasta que la preparaci√≥n est√© completamente mezclada.
‚Ä¢Paso 2 | Aplicar: Dividir el cabello en 4 secciones iguales. Aplic√° la mezcla al √°rea de la ra√≠z en cada separaci√≥n sin frotar el cuero cabelludo.
‚Ä¢Paso 3 | Esperar: Dejar la mezcla sobre el cabello durante 25 minutos en total. Para cabello gris resistente, dejalo actuar durante 10 minutos adicionales. Para tonos rubios, agreg√° 20 minutos adicionales al tiempo total de procesamiento.
‚Ä¢Paso 4 | Enjuagar: Agregar un poco de agua tibia al cabello y masaje√° suavemente la mezcla de color por el cabello. Enjuague el cabello por completo.
‚Ä¢Paso 5 | Acondicionamiento: Aplicar el acondicionador en crema ultrahidratante despu√©s de la aplicaci√≥n del color. Dejar actuar durante 3 minutos y luego enjuagar con agua tibia.",7248365034,309978695349,034,Borgo√±a Oscuro,Regular
Revlon ColorSilk,Coloraci√≥n,Coloraci√≥n Permanente,ColorSilk,Colorsilk Beautiful Color ,Coloraci√≥n permanente sin Amoniaco 3D Color con Keratina,"La tintura de cabello permanente sin amon√≠aco # 1 en Estados Unidos. 
Para una cobertura del 100% de las canas, color de alta definici√≥n y larga duraci√≥n, brillo y suavidad sedosa.

‚Ä¢	Tecnolog√≠a de gel de color 3D: proporciona un color multitono de aspecto natural de la ra√≠z a las puntas.
‚Ä¢	F√≥rmula con queratina
‚Ä¢	Deja el cabello en mejor estado que antes de colorearlo.
FORMULA NUEVA Y MEJORADA PARA UNA MEZCLA DE COLOR √ìPTIMA
‚Ä¢	F√≥rmula √≥ptima: antigoteo para mejores resultados de color en casa.
‚Ä¢	Color de calidad de sal√≥n.
‚Ä¢	Acondicionador ultra hidratante para el control del frizz.
‚Ä¢	Nuevos tonos de alto rendimiento para rubios + rojos. Sin amon√≠aco.
‚Ä¢	Mantiene la fuerza del cabello despu√©s del proceso de color. ","¬øTe anim√°s a te√±irte vos misma? Te dejamos unos tips para que lo hagas (es muy f√°cil üòâ)
‚Ä¢Paso 1 | Mezclar: Vertir el colorante sin amon√≠aco en la botella de crema reveladora de color. Agit√° hasta que la preparaci√≥n est√© completamente mezclada.
‚Ä¢Paso 2 | Aplicar: Dividir el cabello en 4 secciones iguales. Aplic√° la mezcla al √°rea de la ra√≠z en cada separaci√≥n sin frotar el cuero cabelludo.
‚Ä¢Paso 3 | Esperar: Dejar la mezcla sobre el cabello durante 25 minutos en total. Para cabello gris resistente, dejalo actuar durante 10 minutos adicionales. Para tonos rubios, agreg√° 20 minutos adicionales al tiempo total de procesamiento.
‚Ä¢Paso 4 | Enjuagar: Agregar un poco de agua tibia al cabello y masaje√° suavemente la mezcla de color por el cabello. Enjuague el cabello por completo.
‚Ä¢Paso 5 | Acondicionamiento: Aplicar el acondicionador en crema ultrahidratante despu√©s de la aplicaci√≥n del color. Dejar actuar durante 3 minutos y luego enjuagar con agua tibia.",7248365037,309978456377,037,Chocolate,Regular
Revlon ColorSilk,Coloraci√≥n,Coloraci√≥n Permanente,ColorSilk,Colorsilk Beautiful Color ,Coloraci√≥n permanente sin Amoniaco 3D Color con Keratina,"La tintura de cabello permanente sin amon√≠aco # 1 en Estados Unidos. 
Para una cobertura del 100% de las canas, color de alta definici√≥n y larga duraci√≥n, brillo y suavidad sedosa.

‚Ä¢	Tecnolog√≠a de gel de color 3D: proporciona un color multitono de aspecto natural de la ra√≠z a las puntas.
‚Ä¢	F√≥rmula con queratina
‚Ä¢	Deja el cabello en mejor estado que antes de colorearlo.
FORMULA NUEVA Y MEJORADA PARA UNA MEZCLA DE COLOR √ìPTIMA
‚Ä¢	F√≥rmula √≥ptima: antigoteo para mejores resultados de color en casa.
‚Ä¢	Color de calidad de sal√≥n.
‚Ä¢	Acondicionador ultra hidratante para el control del frizz.
‚Ä¢	Nuevos tonos de alto rendimiento para rubios + rojos. Sin amon√≠aco.
‚Ä¢	Mantiene la fuerza del cabello despu√©s del proceso de color. ","¬øTe anim√°s a te√±irte vos misma? Te dejamos unos tips para que lo hagas (es muy f√°cil üòâ)
‚Ä¢Paso 1 | Mezclar: Vertir el colorante sin amon√≠aco en la botella de crema reveladora de color. Agit√° hasta que la preparaci√≥n est√© completamente mezclada.
‚Ä¢Paso 2 | Aplicar: Dividir el cabello en 4 secciones iguales. Aplic√° la mezcla al √°rea de la ra√≠z en cada separaci√≥n sin frotar el cuero cabelludo.
‚Ä¢Paso 3 | Esperar: Dejar la mezcla sobre el cabello durante 25 minutos en total. Para cabello gris resistente, dejalo actuar durante 10 minutos adicionales. Para tonos rubios, agreg√° 20 minutos adicionales al tiempo total de procesamiento.
‚Ä¢Paso 4 | Enjuagar: Agregar un poco de agua tibia al cabello y masaje√° suavemente la mezcla de color por el cabello. Enjuague el cabello por completo.
‚Ä¢Paso 5 | Acondicionamiento: Aplicar el acondicionador en crema ultrahidratante despu√©s de la aplicaci√≥n del color. Dejar actuar durante 3 minutos y luego enjuagar con agua tibia.",7248365041,309978695417,041,Casta√±o Medio,Regular
Revlon ColorSilk,Coloraci√≥n,Coloraci√≥n Permanente,ColorSilk,Colorsilk Beautiful Color ,Coloraci√≥n permanente sin Amoniaco 3D Color con Keratina,"La tintura de cabello permanente sin amon√≠aco # 1 en Estados Unidos. 
Para una cobertura del 100% de las canas, color de alta definici√≥n y larga duraci√≥n, brillo y suavidad sedosa.

‚Ä¢	Tecnolog√≠a de gel de color 3D: proporciona un color multitono de aspecto natural de la ra√≠z a las puntas.
‚Ä¢	F√≥rmula con queratina
‚Ä¢	Deja el cabello en mejor estado que antes de colorearlo.
FORMULA NUEVA Y MEJORADA PARA UNA MEZCLA DE COLOR √ìPTIMA
‚Ä¢	F√≥rmula √≥ptima: antigoteo para mejores resultados de color en casa.
‚Ä¢	Color de calidad de sal√≥n.
‚Ä¢	Acondicionador ultra hidratante para el control del frizz.
‚Ä¢	Nuevos tonos de alto rendimiento para rubios + rojos. Sin amon√≠aco.
‚Ä¢	Mantiene la fuerza del cabello despu√©s del proceso de color. ","¬øTe anim√°s a te√±irte vos misma? Te dejamos unos tips para que lo hagas (es muy f√°cil üòâ)
‚Ä¢Paso 1 | Mezclar: Vertir el colorante sin amon√≠aco en la botella de crema reveladora de color. Agit√° hasta que la preparaci√≥n est√© completamente mezclada.
‚Ä¢Paso 2 | Aplicar: Dividir el cabello en 4 secciones iguales. Aplic√° la mezcla al √°rea de la ra√≠z en cada separaci√≥n sin frotar el cuero cabelludo.
‚Ä¢Paso 3 | Esperar: Dejar la mezcla sobre el cabello durante 25 minutos en total. Para cabello gris resistente, dejalo actuar durante 10 minutos adicionales. Para tonos rubios, agreg√° 20 minutos adicionales al tiempo total de procesamiento.
‚Ä¢Paso 4 | Enjuagar: Agregar un poco de agua tibia al cabello y masaje√° suavemente la mezcla de color por el cabello. Enjuague el cabello por completo.
‚Ä¢Paso 5 | Acondicionamiento: Aplicar el acondicionador en crema ultrahidratante despu√©s de la aplicaci√≥n del color. Dejar actuar durante 3 minutos y luego enjuagar con agua tibia.",7248365043,309978695431,043,Casta√±o Medio Dorado,Regular
Revlon ColorSilk,Coloraci√≥n,Coloraci√≥n Permanente,ColorSilk,Colorsilk Beautiful Color ,Coloraci√≥n permanente sin Amoniaco 3D Color con Keratina,"La tintura de cabello permanente sin amon√≠aco # 1 en Estados Unidos. 
Para una cobertura del 100% de las canas, color de alta definici√≥n y larga duraci√≥n, brillo y suavidad sedosa.

‚Ä¢	Tecnolog√≠a de gel de color 3D: proporciona un color multitono de aspecto natural de la ra√≠z a las puntas.
‚Ä¢	F√≥rmula con queratina
‚Ä¢	Deja el cabello en mejor estado que antes de colorearlo.
FORMULA NUEVA Y MEJORADA PARA UNA MEZCLA DE COLOR √ìPTIMA
‚Ä¢	F√≥rmula √≥ptima: antigoteo para mejores resultados de color en casa.
‚Ä¢	Color de calidad de sal√≥n.
‚Ä¢	Acondicionador ultra hidratante para el control del frizz.
‚Ä¢	Nuevos tonos de alto rendimiento para rubios + rojos. Sin amon√≠aco.
‚Ä¢	Mantiene la fuerza del cabello despu√©s del proceso de color. ","¬øTe anim√°s a te√±irte vos misma? Te dejamos unos tips para que lo hagas (es muy f√°cil üòâ)
‚Ä¢Paso 1 | Mezclar: Vertir el colorante sin amon√≠aco en la botella de crema reveladora de color. Agit√° hasta que la preparaci√≥n est√© completamente mezclada.
‚Ä¢Paso 2 | Aplicar: Dividir el cabello en 4 secciones iguales. Aplic√° la mezcla al √°rea de la ra√≠z en cada separaci√≥n sin frotar el cuero cabelludo.
‚Ä¢Paso 3 | Esperar: Dejar la mezcla sobre el cabello durante 25 minutos en total. Para cabello gris resistente, dejalo actuar durante 10 minutos adicionales. Para tonos rubios, agreg√° 20 minutos adicionales al tiempo total de procesamiento.
‚Ä¢Paso 4 | Enjuagar: Agregar un poco de agua tibia al cabello y masaje√° suavemente la mezcla de color por el cabello. Enjuague el cabello por completo.
‚Ä¢Paso 5 | Acondicionamiento: Aplicar el acondicionador en crema ultrahidratante despu√©s de la aplicaci√≥n del color. Dejar actuar durante 3 minutos y luego enjuagar con agua tibia.",7248365046,309978695462,046,Casta√±o Cobrizo Dorado,Regular
Revlon ColorSilk,Coloraci√≥n,Coloraci√≥n Permanente,ColorSilk,Colorsilk Beautiful Color ,Coloraci√≥n permanente sin Amoniaco 3D Color con Keratina,"La tintura de cabello permanente sin amon√≠aco # 1 en Estados Unidos. 
Para una cobertura del 100% de las canas, color de alta definici√≥n y larga duraci√≥n, brillo y suavidad sedosa.

‚Ä¢	Tecnolog√≠a de gel de color 3D: proporciona un color multitono de aspecto natural de la ra√≠z a las puntas.
‚Ä¢	F√≥rmula con queratina
‚Ä¢	Deja el cabello en mejor estado que antes de colorearlo.
FORMULA NUEVA Y MEJORADA PARA UNA MEZCLA DE COLOR √ìPTIMA
‚Ä¢	F√≥rmula √≥ptima: antigoteo para mejores resultados de color en casa.
‚Ä¢	Color de calidad de sal√≥n.
‚Ä¢	Acondicionador ultra hidratante para el control del frizz.
‚Ä¢	Nuevos tonos de alto rendimiento para rubios + rojos. Sin amon√≠aco.
‚Ä¢	Mantiene la fuerza del cabello despu√©s del proceso de color. ","¬øTe anim√°s a te√±irte vos misma? Te dejamos unos tips para que lo hagas (es muy f√°cil üòâ)
‚Ä¢Paso 1 | Mezclar: Vertir el colorante sin amon√≠aco en la botella de crema reveladora de color. Agit√° hasta que la preparaci√≥n est√© completamente mezclada.
‚Ä¢Paso 2 | Aplicar: Dividir el cabello en 4 secciones iguales. Aplic√° la mezcla al √°rea de la ra√≠z en cada separaci√≥n sin frotar el cuero cabelludo.
‚Ä¢Paso 3 | Esperar: Dejar la mezcla sobre el cabello durante 25 minutos en total. Para cabello gris resistente, dejalo actuar durante 10 minutos adicionales. Para tonos rubios, agreg√° 20 minutos adicionales al tiempo total de procesamiento.
‚Ä¢Paso 4 | Enjuagar: Agregar un poco de agua tibia al cabello y masaje√° suavemente la mezcla de color por el cabello. Enjuague el cabello por completo.
‚Ä¢Paso 5 | Acondicionamiento: Aplicar el acondicionador en crema ultrahidratante despu√©s de la aplicaci√≥n del color. Dejar actuar durante 3 minutos y luego enjuagar con agua tibia.",7248365047,309978695479,047,Casta√±o Medio Calido,Regular
Revlon ColorSilk,Coloraci√≥n,Coloraci√≥n Permanente,ColorSilk,Colorsilk Beautiful Color ,Coloraci√≥n permanente sin Amoniaco 3D Color con Keratina,"La tintura de cabello permanente sin amon√≠aco # 1 en Estados Unidos. 
Para una cobertura del 100% de las canas, color de alta definici√≥n y larga duraci√≥n, brillo y suavidad sedosa.

‚Ä¢	Tecnolog√≠a de gel de color 3D: proporciona un color multitono de aspecto natural de la ra√≠z a las puntas.
‚Ä¢	F√≥rmula con queratina
‚Ä¢	Deja el cabello en mejor estado que antes de colorearlo.
FORMULA NUEVA Y MEJORADA PARA UNA MEZCLA DE COLOR √ìPTIMA
‚Ä¢	F√≥rmula √≥ptima: antigoteo para mejores resultados de color en casa.
‚Ä¢	Color de calidad de sal√≥n.
‚Ä¢	Acondicionador ultra hidratante para el control del frizz.
‚Ä¢	Nuevos tonos de alto rendimiento para rubios + rojos. Sin amon√≠aco.
‚Ä¢	Mantiene la fuerza del cabello despu√©s del proceso de color. ","¬øTe anim√°s a te√±irte vos misma? Te dejamos unos tips para que lo hagas (es muy f√°cil üòâ)
‚Ä¢Paso 1 | Mezclar: Vertir el colorante sin amon√≠aco en la botella de crema reveladora de color. Agit√° hasta que la preparaci√≥n est√© completamente mezclada.
‚Ä¢Paso 2 | Aplicar: Dividir el cabello en 4 secciones iguales. Aplic√° la mezcla al √°rea de la ra√≠z en cada separaci√≥n sin frotar el cuero cabelludo.
‚Ä¢Paso 3 | Esperar: Dejar la mezcla sobre el cabello durante 25 minutos en total. Para cabello gris resistente, dejalo actuar durante 10 minutos adicionales. Para tonos rubios, agreg√° 20 minutos adicionales al tiempo total de procesamiento.
‚Ä¢Paso 4 | Enjuagar: Agregar un poco de agua tibia al cabello y masaje√° suavemente la mezcla de color por el cabello. Enjuague el cabello por completo.
‚Ä¢Paso 5 | Acondicionamiento: Aplicar el acondicionador en crema ultrahidratante despu√©s de la aplicaci√≥n del color. Dejar actuar durante 3 minutos y luego enjuagar con agua tibia.",7248365048,309976623481,048,Borgo√±a,Regular
Revlon ColorSilk,Coloraci√≥n,Coloraci√≥n Permanente,ColorSilk,Colorsilk Beautiful Color ,Coloraci√≥n permanente sin Amoniaco 3D Color con Keratina,"La tintura de cabello permanente sin amon√≠aco # 1 en Estados Unidos. 
Para una cobertura del 100% de las canas, color de alta definici√≥n y larga duraci√≥n, brillo y suavidad sedosa.

‚Ä¢	Tecnolog√≠a de gel de color 3D: proporciona un color multitono de aspecto natural de la ra√≠z a las puntas.
‚Ä¢	F√≥rmula con queratina
‚Ä¢	Deja el cabello en mejor estado que antes de colorearlo.
FORMULA NUEVA Y MEJORADA PARA UNA MEZCLA DE COLOR √ìPTIMA
‚Ä¢	F√≥rmula √≥ptima: antigoteo para mejores resultados de color en casa.
‚Ä¢	Color de calidad de sal√≥n.
‚Ä¢	Acondicionador ultra hidratante para el control del frizz.
‚Ä¢	Nuevos tonos de alto rendimiento para rubios + rojos. Sin amon√≠aco.
‚Ä¢	Mantiene la fuerza del cabello despu√©s del proceso de color. ","¬øTe anim√°s a te√±irte vos misma? Te dejamos unos tips para que lo hagas (es muy f√°cil üòâ)
‚Ä¢Paso 1 | Mezclar: Vertir el colorante sin amon√≠aco en la botella de crema reveladora de color. Agit√° hasta que la preparaci√≥n est√© completamente mezclada.
‚Ä¢Paso 2 | Aplicar: Dividir el cabello en 4 secciones iguales. Aplic√° la mezcla al √°rea de la ra√≠z en cada separaci√≥n sin frotar el cuero cabelludo.
‚Ä¢Paso 3 | Esperar: Dejar la mezcla sobre el cabello durante 25 minutos en total. Para cabello gris resistente, dejalo actuar durante 10 minutos adicionales. Para tonos rubios, agreg√° 20 minutos adicionales al tiempo total de procesamiento.
‚Ä¢Paso 4 | Enjuagar: Agregar un poco de agua tibia al cabello y masaje√° suavemente la mezcla de color por el cabello. Enjuague el cabello por completo.
‚Ä¢Paso 5 | Acondicionamiento: Aplicar el acondicionador en crema ultrahidratante despu√©s de la aplicaci√≥n del color. Dejar actuar durante 3 minutos y luego enjuagar con agua tibia.",7248365049,309976623498,049,Casta√±o Rojizo Profundo,Regular
Revlon ColorSilk,Coloraci√≥n,Coloraci√≥n Permanente,ColorSilk,Colorsilk Beautiful Color ,Coloraci√≥n permanente sin Amoniaco 3D Color con Keratina,"La tintura de cabello permanente sin amon√≠aco # 1 en Estados Unidos. 
Para una cobertura del 100% de las canas, color de alta definici√≥n y larga duraci√≥n, brillo y suavidad sedosa.

‚Ä¢	Tecnolog√≠a de gel de color 3D: proporciona un color multitono de aspecto natural de la ra√≠z a las puntas.
‚Ä¢	F√≥rmula con queratina
‚Ä¢	Deja el cabello en mejor estado que antes de colorearlo.
FORMULA NUEVA Y MEJORADA PARA UNA MEZCLA DE COLOR √ìPTIMA
‚Ä¢	F√≥rmula √≥ptima: antigoteo para mejores resultados de color en casa.
‚Ä¢	Color de calidad de sal√≥n.
‚Ä¢	Acondicionador ultra hidratante para el control del frizz.
‚Ä¢	Nuevos tonos de alto rendimiento para rubios + rojos. Sin amon√≠aco.
‚Ä¢	Mantiene la fuerza del cabello despu√©s del proceso de color. ","¬øTe anim√°s a te√±irte vos misma? Te dejamos unos tips para que lo hagas (es muy f√°cil üòâ)
‚Ä¢Paso 1 | Mezclar: Vertir el colorante sin amon√≠aco en la botella de crema reveladora de color. Agit√° hasta que la preparaci√≥n est√© completamente mezclada.
‚Ä¢Paso 2 | Aplicar: Dividir el cabello en 4 secciones iguales. Aplic√° la mezcla al √°rea de la ra√≠z en cada separaci√≥n sin frotar el cuero cabelludo.
‚Ä¢Paso 3 | Esperar: Dejar la mezcla sobre el cabello durante 25 minutos en total. Para cabello gris resistente, dejalo actuar durante 10 minutos adicionales. Para tonos rubios, agreg√° 20 minutos adicionales al tiempo total de procesamiento.
‚Ä¢Paso 4 | Enjuagar: Agregar un poco de agua tibia al cabello y masaje√° suavemente la mezcla de color por el cabello. Enjuague el cabello por completo.
‚Ä¢Paso 5 | Acondicionamiento: Aplicar el acondicionador en crema ultrahidratante despu√©s de la aplicaci√≥n del color. Dejar actuar durante 3 minutos y luego enjuagar con agua tibia.",7248365050,309978695509,050,Casta√±o Claro Ceniza,Regular
Revlon ColorSilk,Coloraci√≥n,Coloraci√≥n Permanente,ColorSilk,Colorsilk Beautiful Color ,Coloraci√≥n permanente sin Amoniaco 3D Color con Keratina,"La tintura de cabello permanente sin amon√≠aco # 1 en Estados Unidos. 
Para una cobertura del 100% de las canas, color de alta definici√≥n y larga duraci√≥n, brillo y suavidad sedosa.

‚Ä¢	Tecnolog√≠a de gel de color 3D: proporciona un color multitono de aspecto natural de la ra√≠z a las puntas.
‚Ä¢	F√≥rmula con queratina
‚Ä¢	Deja el cabello en mejor estado que antes de colorearlo.
FORMULA NUEVA Y MEJORADA PARA UNA MEZCLA DE COLOR √ìPTIMA
‚Ä¢	F√≥rmula √≥ptima: antigoteo para mejores resultados de color en casa.
‚Ä¢	Color de calidad de sal√≥n.
‚Ä¢	Acondicionador ultra hidratante para el control del frizz.
‚Ä¢	Nuevos tonos de alto rendimiento para rubios + rojos. Sin amon√≠aco.
‚Ä¢	Mantiene la fuerza del cabello despu√©s del proceso de color. ","¬øTe anim√°s a te√±irte vos misma? Te dejamos unos tips para que lo hagas (es muy f√°cil üòâ)
‚Ä¢Paso 1 | Mezclar: Vertir el colorante sin amon√≠aco en la botella de crema reveladora de color. Agit√° hasta que la preparaci√≥n est√© completamente mezclada.
‚Ä¢Paso 2 | Aplicar: Dividir el cabello en 4 secciones iguales. Aplic√° la mezcla al √°rea de la ra√≠z en cada separaci√≥n sin frotar el cuero cabelludo.
‚Ä¢Paso 3 | Esperar: Dejar la mezcla sobre el cabello durante 25 minutos en total. Para cabello gris resistente, dejalo actuar durante 10 minutos adicionales. Para tonos rubios, agreg√° 20 minutos adicionales al tiempo total de procesamiento.
‚Ä¢Paso 4 | Enjuagar: Agregar un poco de agua tibia al cabello y masaje√° suavemente la mezcla de color por el cabello. Enjuague el cabello por completo.
‚Ä¢Paso 5 | Acondicionamiento: Aplicar el acondicionador en crema ultrahidratante despu√©s de la aplicaci√≥n del color. Dejar actuar durante 3 minutos y luego enjuagar con agua tibia.",7248365051,309978695516,051,Casta√±o Claro,Regular
Revlon ColorSilk,Coloraci√≥n,Coloraci√≥n Permanente,ColorSilk,Colorsilk Beautiful Color ,Coloraci√≥n permanente sin Amoniaco 3D Color con Keratina,"La tintura de cabello permanente sin amon√≠aco # 1 en Estados Unidos. 
Para una cobertura del 100% de las canas, color de alta definici√≥n y larga duraci√≥n, brillo y suavidad sedosa.

‚Ä¢	Tecnolog√≠a de gel de color 3D: proporciona un color multitono de aspecto natural de la ra√≠z a las puntas.
‚Ä¢	F√≥rmula con queratina
‚Ä¢	Deja el cabello en mejor estado que antes de colorearlo.
FORMULA NUEVA Y MEJORADA PARA UNA MEZCLA DE COLOR √ìPTIMA
‚Ä¢	F√≥rmula √≥ptima: antigoteo para mejores resultados de color en casa.
‚Ä¢	Color de calidad de sal√≥n.
‚Ä¢	Acondicionador ultra hidratante para el control del frizz.
‚Ä¢	Nuevos tonos de alto rendimiento para rubios + rojos. Sin amon√≠aco.
‚Ä¢	Mantiene la fuerza del cabello despu√©s del proceso de color. ","¬øTe anim√°s a te√±irte vos misma? Te dejamos unos tips para que lo hagas (es muy f√°cil üòâ)
‚Ä¢Paso 1 | Mezclar: Vertir el colorante sin amon√≠aco en la botella de crema reveladora de color. Agit√° hasta que la preparaci√≥n est√© completamente mezclada.
‚Ä¢Paso 2 | Aplicar: Dividir el cabello en 4 secciones iguales. Aplic√° la mezcla al √°rea de la ra√≠z en cada separaci√≥n sin frotar el cuero cabelludo.
‚Ä¢Paso 3 | Esperar: Dejar la mezcla sobre el cabello durante 25 minutos en total. Para cabello gris resistente, dejalo actuar durante 10 minutos adicionales. Para tonos rubios, agreg√° 20 minutos adicionales al tiempo total de procesamiento.
‚Ä¢Paso 4 | Enjuagar: Agregar un poco de agua tibia al cabello y masaje√° suavemente la mezcla de color por el cabello. Enjuague el cabello por completo.
‚Ä¢Paso 5 | Acondicionamiento: Aplicar el acondicionador en crema ultrahidratante despu√©s de la aplicaci√≥n del color. Dejar actuar durante 3 minutos y luego enjuagar con agua tibia.",7248365054,309978695547,054,Casta√±o Claro Dorado,Regular
Revlon ColorSilk,Coloraci√≥n,Coloraci√≥n Permanente,ColorSilk,Colorsilk Beautiful Color ,Coloraci√≥n permanente sin Amoniaco 3D Color con Keratina,"La tintura de cabello permanente sin amon√≠aco # 1 en Estados Unidos. 
Para una cobertura del 100% de las canas, color de alta definici√≥n y larga duraci√≥n, brillo y suavidad sedosa.

‚Ä¢	Tecnolog√≠a de gel de color 3D: proporciona un color multitono de aspecto natural de la ra√≠z a las puntas.
‚Ä¢	F√≥rmula con queratina
‚Ä¢	Deja el cabello en mejor estado que antes de colorearlo.
FORMULA NUEVA Y MEJORADA PARA UNA MEZCLA DE COLOR √ìPTIMA
‚Ä¢	F√≥rmula √≥ptima: antigoteo para mejores resultados de color en casa.
‚Ä¢	Color de calidad de sal√≥n.
‚Ä¢	Acondicionador ultra hidratante para el control del frizz.
‚Ä¢	Nuevos tonos de alto rendimiento para rubios + rojos. Sin amon√≠aco.
‚Ä¢	Mantiene la fuerza del cabello despu√©s del proceso de color. ","¬øTe anim√°s a te√±irte vos misma? Te dejamos unos tips para que lo hagas (es muy f√°cil üòâ)
‚Ä¢Paso 1 | Mezclar: Vertir el colorante sin amon√≠aco en la botella de crema reveladora de color. Agit√° hasta que la preparaci√≥n est√© completamente mezclada.
‚Ä¢Paso 2 | Aplicar: Dividir el cabello en 4 secciones iguales. Aplic√° la mezcla al √°rea de la ra√≠z en cada separaci√≥n sin frotar el cuero cabelludo.
‚Ä¢Paso 3 | Esperar: Dejar la mezcla sobre el cabello durante 25 minutos en total. Para cabello gris resistente, dejalo actuar durante 10 minutos adicionales. Para tonos rubios, agreg√° 20 minutos adicionales al tiempo total de procesamiento.
‚Ä¢Paso 4 | Enjuagar: Agregar un poco de agua tibia al cabello y masaje√° suavemente la mezcla de color por el cabello. Enjuague el cabello por completo.
‚Ä¢Paso 5 | Acondicionamiento: Aplicar el acondicionador en crema ultrahidratante despu√©s de la aplicaci√≥n del color. Dejar actuar durante 3 minutos y luego enjuagar con agua tibia.",7248365060,309978695608,060,Rubio Oscuro Cenizo,Regular
Revlon ColorSilk,Coloraci√≥n,Coloraci√≥n Permanente,ColorSilk,Colorsilk Beautiful Color ,Coloraci√≥n permanente sin Amoniaco 3D Color con Keratina,"La tintura de cabello permanente sin amon√≠aco # 1 en Estados Unidos. 
Para una cobertura del 100% de las canas, color de alta definici√≥n y larga duraci√≥n, brillo y suavidad sedosa.

‚Ä¢	Tecnolog√≠a de gel de color 3D: proporciona un color multitono de aspecto natural de la ra√≠z a las puntas.
‚Ä¢	F√≥rmula con queratina
‚Ä¢	Deja el cabello en mejor estado que antes de colorearlo.
FORMULA NUEVA Y MEJORADA PARA UNA MEZCLA DE COLOR √ìPTIMA
‚Ä¢	F√≥rmula √≥ptima: antigoteo para mejores resultados de color en casa.
‚Ä¢	Color de calidad de sal√≥n.
‚Ä¢	Acondicionador ultra hidratante para el control del frizz.
‚Ä¢	Nuevos tonos de alto rendimiento para rubios + rojos. Sin amon√≠aco.
‚Ä¢	Mantiene la fuerza del cabello despu√©s del proceso de color. ","¬øTe anim√°s a te√±irte vos misma? Te dejamos unos tips para que lo hagas (es muy f√°cil üòâ)
‚Ä¢Paso 1 | Mezclar: Vertir el colorante sin amon√≠aco en la botella de crema reveladora de color. Agit√° hasta que la preparaci√≥n est√© completamente mezclada.
‚Ä¢Paso 2 | Aplicar: Dividir el cabello en 4 secciones iguales. Aplic√° la mezcla al √°rea de la ra√≠z en cada separaci√≥n sin frotar el cuero cabelludo.
‚Ä¢Paso 3 | Esperar: Dejar la mezcla sobre el cabello durante 25 minutos en total. Para cabello gris resistente, dejalo actuar durante 10 minutos adicionales. Para tonos rubios, agreg√° 20 minutos adicionales al tiempo total de procesamiento.
‚Ä¢Paso 4 | Enjuagar: Agregar un poco de agua tibia al cabello y masaje√° suavemente la mezcla de color por el cabello. Enjuague el cabello por completo.
‚Ä¢Paso 5 | Acondicionamiento: Aplicar el acondicionador en crema ultrahidratante despu√©s de la aplicaci√≥n del color. Dejar actuar durante 3 minutos y luego enjuagar con agua tibia.",7248365061,309976623610,061,Rubio Oscuro,Regular
Revlon ColorSilk,Coloraci√≥n,Coloraci√≥n Permanente,ColorSilk,Colorsilk Beautiful Color ,Coloraci√≥n permanente sin Amoniaco 3D Color con Keratina,"La tintura de cabello permanente sin amon√≠aco # 1 en Estados Unidos. 
Para una cobertura del 100% de las canas, color de alta definici√≥n y larga duraci√≥n, brillo y suavidad sedosa.

‚Ä¢	Tecnolog√≠a de gel de color 3D: proporciona un color multitono de aspecto natural de la ra√≠z a las puntas.
‚Ä¢	F√≥rmula con queratina
‚Ä¢	Deja el cabello en mejor estado que antes de colorearlo.
FORMULA NUEVA Y MEJORADA PARA UNA MEZCLA DE COLOR √ìPTIMA
‚Ä¢	F√≥rmula √≥ptima: antigoteo para mejores resultados de color en casa.
‚Ä¢	Color de calidad de sal√≥n.
‚Ä¢	Acondicionador ultra hidratante para el control del frizz.
‚Ä¢	Nuevos tonos de alto rendimiento para rubios + rojos. Sin amon√≠aco.
‚Ä¢	Mantiene la fuerza del cabello despu√©s del proceso de color. ","¬øTe anim√°s a te√±irte vos misma? Te dejamos unos tips para que lo hagas (es muy f√°cil üòâ)
‚Ä¢Paso 1 | Mezclar: Vertir el colorante sin amon√≠aco en la botella de crema reveladora de color. Agit√° hasta que la preparaci√≥n est√© completamente mezclada.
‚Ä¢Paso 2 | Aplicar: Dividir el cabello en 4 secciones iguales. Aplic√° la mezcla al √°rea de la ra√≠z en cada separaci√≥n sin frotar el cuero cabelludo.
‚Ä¢Paso 3 | Esperar: Dejar la mezcla sobre el cabello durante 25 minutos en total. Para cabello gris resistente, dejalo actuar durante 10 minutos adicionales. Para tonos rubios, agreg√° 20 minutos adicionales al tiempo total de procesamiento.
‚Ä¢Paso 4 | Enjuagar: Agregar un poco de agua tibia al cabello y masaje√° suavemente la mezcla de color por el cabello. Enjuague el cabello por completo.
‚Ä¢Paso 5 | Acondicionamiento: Aplicar el acondicionador en crema ultrahidratante despu√©s de la aplicaci√≥n del color. Dejar actuar durante 3 minutos y luego enjuagar con agua tibia.",7248365565,309970194352,565,Rojo Frambuesa,Regular
Revlon ColorSilk,Coloraci√≥n,Coloraci√≥n Permanente,ColorSilk,Colorsilk Beautiful Color ,Coloraci√≥n permanente sin Amoniaco 3D Color con Keratina,"La tintura de cabello permanente sin amon√≠aco # 1 en Estados Unidos. 
Para una cobertura del 100% de las canas, color de alta definici√≥n y larga duraci√≥n, brillo y suavidad sedosa.

‚Ä¢	Tecnolog√≠a de gel de color 3D: proporciona un color multitono de aspecto natural de la ra√≠z a las puntas.
‚Ä¢	F√≥rmula con queratina
‚Ä¢	Deja el cabello en mejor estado que antes de colorearlo.
FORMULA NUEVA Y MEJORADA PARA UNA MEZCLA DE COLOR √ìPTIMA
‚Ä¢	F√≥rmula √≥ptima: antigoteo para mejores resultados de color en casa.
‚Ä¢	Color de calidad de sal√≥n.
‚Ä¢	Acondicionador ultra hidratante para el control del frizz.
‚Ä¢	Nuevos tonos de alto rendimiento para rubios + rojos. Sin amon√≠aco.
‚Ä¢	Mantiene la fuerza del cabello despu√©s del proceso de color. ","¬øTe anim√°s a te√±irte vos misma? Te dejamos unos tips para que lo hagas (es muy f√°cil üòâ)
‚Ä¢Paso 1 | Mezclar: Vertir el colorante sin amon√≠aco en la botella de crema reveladora de color. Agit√° hasta que la preparaci√≥n est√© completamente mezclada.
‚Ä¢Paso 2 | Aplicar: Dividir el cabello en 4 secciones iguales. Aplic√° la mezcla al √°rea de la ra√≠z en cada separaci√≥n sin frotar el cuero cabelludo.
‚Ä¢Paso 3 | Esperar: Dejar la mezcla sobre el cabello durante 25 minutos en total. Para cabello gris resistente, dejalo actuar durante 10 minutos adicionales. Para tonos rubios, agreg√° 20 minutos adicionales al tiempo total de procesamiento.
‚Ä¢Paso 4 | Enjuagar: Agregar un poco de agua tibia al cabello y masaje√° suavemente la mezcla de color por el cabello. Enjuague el cabello por completo.
‚Ä¢Paso 5 | Acondicionamiento: Aplicar el acondicionador en crema ultrahidratante despu√©s de la aplicaci√≥n del color. Dejar actuar durante 3 minutos y luego enjuagar con agua tibia.",7248365066,309970194345,660,Rojo Cereza,Regular
Revlon ColorSilk,Coloraci√≥n,Coloraci√≥n Permanente,ColorSilk,Colorsilk Beautiful Color ,Coloraci√≥n permanente sin Amoniaco 3D Color con Keratina,"La tintura de cabello permanente sin amon√≠aco # 1 en Estados Unidos. 
Para una cobertura del 100% de las canas, color de alta definici√≥n y larga duraci√≥n, brillo y suavidad sedosa.

‚Ä¢	Tecnolog√≠a de gel de color 3D: proporciona un color multitono de aspecto natural de la ra√≠z a las puntas.
‚Ä¢	F√≥rmula con queratina
‚Ä¢	Deja el cabello en mejor estado que antes de colorearlo.
FORMULA NUEVA Y MEJORADA PARA UNA MEZCLA DE COLOR √ìPTIMA
‚Ä¢	F√≥rmula √≥ptima: antigoteo para mejores resultados de color en casa.
‚Ä¢	Color de calidad de sal√≥n.
‚Ä¢	Acondicionador ultra hidratante para el control del frizz.
‚Ä¢	Nuevos tonos de alto rendimiento para rubios + rojos. Sin amon√≠aco.
‚Ä¢	Mantiene la fuerza del cabello despu√©s del proceso de color. ","¬øTe anim√°s a te√±irte vos misma? Te dejamos unos tips para que lo hagas (es muy f√°cil üòâ)
‚Ä¢Paso 1 | Mezclar: Vertir el colorante sin amon√≠aco en la botella de crema reveladora de color. Agit√° hasta que la preparaci√≥n est√© completamente mezclada.
‚Ä¢Paso 2 | Aplicar: Dividir el cabello en 4 secciones iguales. Aplic√° la mezcla al √°rea de la ra√≠z en cada separaci√≥n sin frotar el cuero cabelludo.
‚Ä¢Paso 3 | Esperar: Dejar la mezcla sobre el cabello durante 25 minutos en total. Para cabello gris resistente, dejalo actuar durante 10 minutos adicionales. Para tonos rubios, agreg√° 20 minutos adicionales al tiempo total de procesamiento.
‚Ä¢Paso 4 | Enjuagar: Agregar un poco de agua tibia al cabello y masaje√° suavemente la mezcla de color por el cabello. Enjuague el cabello por completo.
‚Ä¢Paso 5 | Acondicionamiento: Aplicar el acondicionador en crema ultrahidratante despu√©s de la aplicaci√≥n del color. Dejar actuar durante 3 minutos y luego enjuagar con agua tibia.",7248365070,309978695707,070,Rubio Medio Cenizo,Regular
Revlon ColorSilk,Coloraci√≥n,Coloraci√≥n Permanente,ColorSilk,Colorsilk Beautiful Color ,Coloraci√≥n permanente sin Amoniaco 3D Color con Keratina,"La tintura de cabello permanente sin amon√≠aco # 1 en Estados Unidos. 
Para una cobertura del 100% de las canas, color de alta definici√≥n y larga duraci√≥n, brillo y suavidad sedosa.

‚Ä¢	Tecnolog√≠a de gel de color 3D: proporciona un color multitono de aspecto natural de la ra√≠z a las puntas.
‚Ä¢	F√≥rmula con queratina
‚Ä¢	Deja el cabello en mejor estado que antes de colorearlo.
FORMULA NUEVA Y MEJORADA PARA UNA MEZCLA DE COLOR √ìPTIMA
‚Ä¢	F√≥rmula √≥ptima: antigoteo para mejores resultados de color en casa.
‚Ä¢	Color de calidad de sal√≥n.
‚Ä¢	Acondicionador ultra hidratante para el control del frizz.
‚Ä¢	Nuevos tonos de alto rendimiento para rubios + rojos. Sin amon√≠aco.
‚Ä¢	Mantiene la fuerza del cabello despu√©s del proceso de color. ","¬øTe anim√°s a te√±irte vos misma? Te dejamos unos tips para que lo hagas (es muy f√°cil üòâ)
‚Ä¢Paso 1 | Mezclar: Vertir el colorante sin amon√≠aco en la botella de crema reveladora de color. Agit√° hasta que la preparaci√≥n est√© completamente mezclada.
‚Ä¢Paso 2 | Aplicar: Dividir el cabello en 4 secciones iguales. Aplic√° la mezcla al √°rea de la ra√≠z en cada separaci√≥n sin frotar el cuero cabelludo.
‚Ä¢Paso 3 | Esperar: Dejar la mezcla sobre el cabello durante 25 minutos en total. Para cabello gris resistente, dejalo actuar durante 10 minutos adicionales. Para tonos rubios, agreg√° 20 minutos adicionales al tiempo total de procesamiento.
‚Ä¢Paso 4 | Enjuagar: Agregar un poco de agua tibia al cabello y masaje√° suavemente la mezcla de color por el cabello. Enjuague el cabello por completo.
‚Ä¢Paso 5 | Acondicionamiento: Aplicar el acondicionador en crema ultrahidratante despu√©s de la aplicaci√≥n del color. Dejar actuar durante 3 minutos y luego enjuagar con agua tibia.",7248365071,309978695714,071,Rubio Dorado,Regular
Revlon ColorSilk,Coloraci√≥n,Coloraci√≥n Permanente,ColorSilk,Colorsilk Beautiful Color ,Coloraci√≥n permanente sin Amoniaco 3D Color con Keratina,"La tintura de cabello permanente sin amon√≠aco # 1 en Estados Unidos. 
Para una cobertura del 100% de las canas, color de alta definici√≥n y larga duraci√≥n, brillo y suavidad sedosa.

‚Ä¢	Tecnolog√≠a de gel de color 3D: proporciona un color multitono de aspecto natural de la ra√≠z a las puntas.
‚Ä¢	F√≥rmula con queratina
‚Ä¢	Deja el cabello en mejor estado que antes de colorearlo.
FORMULA NUEVA Y MEJORADA PARA UNA MEZCLA DE COLOR √ìPTIMA
‚Ä¢	F√≥rmula √≥ptima: antigoteo para mejores resultados de color en casa.
‚Ä¢	Color de calidad de sal√≥n.
‚Ä¢	Acondicionador ultra hidratante para el control del frizz.
‚Ä¢	Nuevos tonos de alto rendimiento para rubios + rojos. Sin amon√≠aco.
‚Ä¢	Mantiene la fuerza del cabello despu√©s del proceso de color. ","¬øTe anim√°s a te√±irte vos misma? Te dejamos unos tips para que lo hagas (es muy f√°cil üòâ)
‚Ä¢Paso 1 | Mezclar: Vertir el colorante sin amon√≠aco en la botella de crema reveladora de color. Agit√° hasta que la preparaci√≥n est√© completamente mezclada.
‚Ä¢Paso 2 | Aplicar: Dividir el cabello en 4 secciones iguales. Aplic√° la mezcla al √°rea de la ra√≠z en cada separaci√≥n sin frotar el cuero cabelludo.
‚Ä¢Paso 3 | Esperar: Dejar la mezcla sobre el cabello durante 25 minutos en total. Para cabello gris resistente, dejalo actuar durante 10 minutos adicionales. Para tonos rubios, agreg√° 20 minutos adicionales al tiempo total de procesamiento.
‚Ä¢Paso 4 | Enjuagar: Agregar un poco de agua tibia al cabello y masaje√° suavemente la mezcla de color por el cabello. Enjuague el cabello por completo.
‚Ä¢Paso 5 | Acondicionamiento: Aplicar el acondicionador en crema ultrahidratante despu√©s de la aplicaci√≥n del color. Dejar actuar durante 3 minutos y luego enjuagar con agua tibia.",7248365072,309970194321,72B,Rubio Champi√±on,Regular
Revlon ColorSilk,Coloraci√≥n,Coloraci√≥n Permanente,ColorSilk,Colorsilk Beautiful Color ,Coloraci√≥n permanente sin Amoniaco 3D Color con Keratina,"La tintura de cabello permanente sin amon√≠aco # 1 en Estados Unidos. 
Para una cobertura del 100% de las canas, color de alta definici√≥n y larga duraci√≥n, brillo y suavidad sedosa.

‚Ä¢	Tecnolog√≠a de gel de color 3D: proporciona un color multitono de aspecto natural de la ra√≠z a las puntas.
‚Ä¢	F√≥rmula con queratina
‚Ä¢	Deja el cabello en mejor estado que antes de colorearlo.
FORMULA NUEVA Y MEJORADA PARA UNA MEZCLA DE COLOR √ìPTIMA
‚Ä¢	F√≥rmula √≥ptima: antigoteo para mejores resultados de color en casa.
‚Ä¢	Color de calidad de sal√≥n.
‚Ä¢	Acondicionador ultra hidratante para el control del frizz.
‚Ä¢	Nuevos tonos de alto rendimiento para rubios + rojos. Sin amon√≠aco.
‚Ä¢	Mantiene la fuerza del cabello despu√©s del proceso de color. ","¬øTe anim√°s a te√±irte vos misma? Te dejamos unos tips para que lo hagas (es muy f√°cil üòâ)
‚Ä¢Paso 1 | Mezclar: Vertir el colorante sin amon√≠aco en la botella de crema reveladora de color. Agit√° hasta que la preparaci√≥n est√© completamente mezclada.
‚Ä¢Paso 2 | Aplicar: Dividir el cabello en 4 secciones iguales. Aplic√° la mezcla al √°rea de la ra√≠z en cada separaci√≥n sin frotar el cuero cabelludo.
‚Ä¢Paso 3 | Esperar: Dejar la mezcla sobre el cabello durante 25 minutos en total. Para cabello gris resistente, dejalo actuar durante 10 minutos adicionales. Para tonos rubios, agreg√° 20 minutos adicionales al tiempo total de procesamiento.
‚Ä¢Paso 4 | Enjuagar: Agregar un poco de agua tibia al cabello y masaje√° suavemente la mezcla de color por el cabello. Enjuague el cabello por completo.
‚Ä¢Paso 5 | Acondicionamiento: Aplicar el acondicionador en crema ultrahidratante despu√©s de la aplicaci√≥n del color. Dejar actuar durante 3 minutos y luego enjuagar con agua tibia.",7248365074,309978695745,074,Rubio Medio,Regular
Revlon ColorSilk,Coloraci√≥n,Coloraci√≥n Permanente,ColorSilk,Colorsilk Beautiful Color ,Coloraci√≥n permanente sin Amoniaco 3D Color con Keratina,"La tintura de cabello permanente sin amon√≠aco # 1 en Estados Unidos. 
Para una cobertura del 100% de las canas, color de alta definici√≥n y larga duraci√≥n, brillo y suavidad sedosa.

‚Ä¢	Tecnolog√≠a de gel de color 3D: proporciona un color multitono de aspecto natural de la ra√≠z a las puntas.
‚Ä¢	F√≥rmula con queratina
‚Ä¢	Deja el cabello en mejor estado que antes de colorearlo.
FORMULA NUEVA Y MEJORADA PARA UNA MEZCLA DE COLOR √ìPTIMA
‚Ä¢	F√≥rmula √≥ptima: antigoteo para mejores resultados de color en casa.
‚Ä¢	Color de calidad de sal√≥n.
‚Ä¢	Acondicionador ultra hidratante para el control del frizz.
‚Ä¢	Nuevos tonos de alto rendimiento para rubios + rojos. Sin amon√≠aco.
‚Ä¢	Mantiene la fuerza del cabello despu√©s del proceso de color. ","¬øTe anim√°s a te√±irte vos misma? Te dejamos unos tips para que lo hagas (es muy f√°cil üòâ)
‚Ä¢Paso 1 | Mezclar: Vertir el colorante sin amon√≠aco en la botella de crema reveladora de color. Agit√° hasta que la preparaci√≥n est√© completamente mezclada.
‚Ä¢Paso 2 | Aplicar: Dividir el cabello en 4 secciones iguales. Aplic√° la mezcla al √°rea de la ra√≠z en cada separaci√≥n sin frotar el cuero cabelludo.
‚Ä¢Paso 3 | Esperar: Dejar la mezcla sobre el cabello durante 25 minutos en total. Para cabello gris resistente, dejalo actuar durante 10 minutos adicionales. Para tonos rubios, agreg√° 20 minutos adicionales al tiempo total de procesamiento.
‚Ä¢Paso 4 | Enjuagar: Agregar un poco de agua tibia al cabello y masaje√° suavemente la mezcla de color por el cabello. Enjuague el cabello por completo.
‚Ä¢Paso 5 | Acondicionamiento: Aplicar el acondicionador en crema ultrahidratante despu√©s de la aplicaci√≥n del color. Dejar actuar durante 3 minutos y luego enjuagar con agua tibia.",7248365080,309978695806,080,Rubio Claro Cenizo,Regular
Revlon ColorSilk,Coloraci√≥n,Coloraci√≥n Permanente,ColorSilk,Colorsilk Beautiful Color ,Coloraci√≥n permanente sin Amoniaco 3D Color con Keratina,"La tintura de cabello permanente sin amon√≠aco # 1 en Estados Unidos. 
Para una cobertura del 100% de las canas, color de alta definici√≥n y larga duraci√≥n, brillo y suavidad sedosa.

‚Ä¢	Tecnolog√≠a de gel de color 3D: proporciona un color multitono de aspecto natural de la ra√≠z a las puntas.
‚Ä¢	F√≥rmula con queratina
‚Ä¢	Deja el cabello en mejor estado que antes de colorearlo.
FORMULA NUEVA Y MEJORADA PARA UNA MEZCLA DE COLOR √ìPTIMA
‚Ä¢	F√≥rmula √≥ptima: antigoteo para mejores resultados de color en casa.
‚Ä¢	Color de calidad de sal√≥n.
‚Ä¢	Acondicionador ultra hidratante para el control del frizz.
‚Ä¢	Nuevos tonos de alto rendimiento para rubios + rojos. Sin amon√≠aco.
‚Ä¢	Mantiene la fuerza del cabello despu√©s del proceso de color. ","¬øTe anim√°s a te√±irte vos misma? Te dejamos unos tips para que lo hagas (es muy f√°cil üòâ)
‚Ä¢Paso 1 | Mezclar: Vertir el colorante sin amon√≠aco en la botella de crema reveladora de color. Agit√° hasta que la preparaci√≥n est√© completamente mezclada.
‚Ä¢Paso 2 | Aplicar: Dividir el cabello en 4 secciones iguales. Aplic√° la mezcla al √°rea de la ra√≠z en cada separaci√≥n sin frotar el cuero cabelludo.
‚Ä¢Paso 3 | Esperar: Dejar la mezcla sobre el cabello durante 25 minutos en total. Para cabello gris resistente, dejalo actuar durante 10 minutos adicionales. Para tonos rubios, agreg√° 20 minutos adicionales al tiempo total de procesamiento.
‚Ä¢Paso 4 | Enjuagar: Agregar un poco de agua tibia al cabello y masaje√° suavemente la mezcla de color por el cabello. Enjuague el cabello por completo.
‚Ä¢Paso 5 | Acondicionamiento: Aplicar el acondicionador en crema ultrahidratante despu√©s de la aplicaci√≥n del color. Dejar actuar durante 3 minutos y luego enjuagar con agua tibia.",7248365081,309976623818,081,Rubio Claro,Regular
Revlon ColorSilk,Coloraci√≥n,Coloraci√≥n Permanente,ColorSilk,Colorsilk Beautiful Color ,Coloraci√≥n permanente sin Amoniaco 3D Color con Keratina,"La tintura de cabello permanente sin amon√≠aco # 1 en Estados Unidos. 
Para una cobertura del 100% de las canas, color de alta definici√≥n y larga duraci√≥n, brillo y suavidad sedosa.

‚Ä¢	Tecnolog√≠a de gel de color 3D: proporciona un color multitono de aspecto natural de la ra√≠z a las puntas.
‚Ä¢	F√≥rmula con queratina
‚Ä¢	Deja el cabello en mejor estado que antes de colorearlo.
FORMULA NUEVA Y MEJORADA PARA UNA MEZCLA DE COLOR √ìPTIMA
‚Ä¢	F√≥rmula √≥ptima: antigoteo para mejores resultados de color en casa.
‚Ä¢	Color de calidad de sal√≥n.
‚Ä¢	Acondicionador ultra hidratante para el control del frizz.
‚Ä¢	Nuevos tonos de alto rendimiento para rubios + rojos. Sin amon√≠aco.
‚Ä¢	Mantiene la fuerza del cabello despu√©s del proceso de color. ","¬øTe anim√°s a te√±irte vos misma? Te dejamos unos tips para que lo hagas (es muy f√°cil üòâ)
‚Ä¢Paso 1 | Mezclar: Vertir el colorante sin amon√≠aco en la botella de crema reveladora de color. Agit√° hasta que la preparaci√≥n est√© completamente mezclada.
‚Ä¢Paso 2 | Aplicar: Dividir el cabello en 4 secciones iguales. Aplic√° la mezcla al √°rea de la ra√≠z en cada separaci√≥n sin frotar el cuero cabelludo.
‚Ä¢Paso 3 | Esperar: Dejar la mezcla sobre el cabello durante 25 minutos en total. Para cabello gris resistente, dejalo actuar durante 10 minutos adicionales. Para tonos rubios, agreg√° 20 minutos adicionales al tiempo total de procesamiento.
‚Ä¢Paso 4 | Enjuagar: Agregar un poco de agua tibia al cabello y masaje√° suavemente la mezcla de color por el cabello. Enjuague el cabello por completo.
‚Ä¢Paso 5 | Acondicionamiento: Aplicar el acondicionador en crema ultrahidratante despu√©s de la aplicaci√≥n del color. Dejar actuar durante 3 minutos y luego enjuagar con agua tibia.",7248365085,309970194338,85B,Rubio Fresa,Regular
Revlon ColorSilk,Coloraci√≥n,Coloraci√≥n Permanente,ColorSilk,Colorsilk Beautiful Color ,Coloraci√≥n permanente sin Amoniaco 3D Color con Keratina,"La tintura de cabello permanente sin amon√≠aco # 1 en Estados Unidos. 
Para una cobertura del 100% de las canas, color de alta definici√≥n y larga duraci√≥n, brillo y suavidad sedosa.

‚Ä¢	Tecnolog√≠a de gel de color 3D: proporciona un color multitono de aspecto natural de la ra√≠z a las puntas.
‚Ä¢	F√≥rmula con queratina
‚Ä¢	Deja el cabello en mejor estado que antes de colorearlo.
FORMULA NUEVA Y MEJORADA PARA UNA MEZCLA DE COLOR √ìPTIMA
‚Ä¢	F√≥rmula √≥ptima: antigoteo para mejores resultados de color en casa.
‚Ä¢	Color de calidad de sal√≥n.
‚Ä¢	Acondicionador ultra hidratante para el control del frizz.
‚Ä¢	Nuevos tonos de alto rendimiento para rubios + rojos. Sin amon√≠aco.
‚Ä¢	Mantiene la fuerza del cabello despu√©s del proceso de color. ","¬øTe anim√°s a te√±irte vos misma? Te dejamos unos tips para que lo hagas (es muy f√°cil üòâ)
‚Ä¢Paso 1 | Mezclar: Vertir el colorante sin amon√≠aco en la botella de crema reveladora de color. Agit√° hasta que la preparaci√≥n est√© completamente mezclada.
‚Ä¢Paso 2 | Aplicar: Dividir el cabello en 4 secciones iguales. Aplic√° la mezcla al √°rea de la ra√≠z en cada separaci√≥n sin frotar el cuero cabelludo.
‚Ä¢Paso 3 | Esperar: Dejar la mezcla sobre el cabello durante 25 minutos en total. Para cabello gris resistente, dejalo actuar durante 10 minutos adicionales. Para tonos rubios, agreg√° 20 minutos adicionales al tiempo total de procesamiento.
‚Ä¢Paso 4 | Enjuagar: Agregar un poco de agua tibia al cabello y masaje√° suavemente la mezcla de color por el cabello. Enjuague el cabello por completo.
‚Ä¢Paso 5 | Acondicionamiento: Aplicar el acondicionador en crema ultrahidratante despu√©s de la aplicaci√≥n del color. Dejar actuar durante 3 minutos y luego enjuagar con agua tibia.",7248365095,309978456957,095,Rubio Claro Brillante,Regular
