EAN,Producto,Link
7798182770042,"Producto Acneiqué. Marca Cepage Descripción: Crema-Gel para pieles con tendencia al acné Seborreguladora Antioxidante. Indicaciones: Acneique es una crema gel seborreguladora e hidratante especialmente formulada para pieles oleosas y/o con tendencia al acné Contiene activos con popiedades antisépticas y antienrrojecimiento Regula el exceso de sebo. Uso: Aplicar Acneiqué Crema gel sobre la piel limpia y seca del rostro, cuello y escote Se recomienda utilizar Acneique Gel limpiador o Acneique H2O agua micelar para complementar el tratamiento Aplicar una o varias veces al día de acuerdo a la necesidad. Beneficios: Su exclusiva fórmula contiene una asociación sinérgica de activos: Ácido salicílico que con su acción queratolítica favorece la renovación celular ALPAFLOR® ALP®-SEBUM, activo natural proveniente de los alpes suizos, que contribuye a seborregular, matificar y suavizar la piel oleosa Es un inhibidor de la 5alfa reductasa, enzima clave en la producción de sebo que inhibe marcadores inflamatorios Disminuye la producción del cutibacterium acnés mejorando el microbioma natural cutáneo La Niacinamida o Vitamina B3, regula el exceso de sebo, reduce el brillo y minimiza la apariencia de los poros Contiene además activos descongestivos que ayudan a reducir rojeces y/o disconfort como la Chamomilla y el Hamamelis Posee un alto efecto antioxidante gracias a nuestros exclusivos Polifenoles de UVA. Keywords: hipoalergénica sin parabenos no comedogénico clínica y dermatológicamente testeado cruelty free; dermocosmética; piel oleosa; hidratación; acneiqué. Presentación Pomo x 40gr. Dimensiones 40mm x 40mm x 112mm. Peso 58gr.",
7798182770325,"Producto Acneiqué Mat. Marca Cepage Descripción: Crema-Gel matificante para pieles con tendencia al acné Seborreguladora e hidratante. Indicaciones: Acneiqué Mat crema-gel es matificante, seborreguladora e hidratante Cuidado diario ideal para pieles oleosas y/o con tendencia al acné Tiene un efecto mate, anti-brillo, minimiza el tamaño de los poros e hidrata 24hs. Uso: Aplicar Acneiqué Mat sobre la piel limpia y seca Se recomienda utilizar Acneique Gel limpiador o Acneique H2O agua micelar para complementar el tratamiento Aplicar una o varias veces al día de acuerdo a la necesidad. Beneficios: Su exclusiva fórmula contiene Zinc que actúa como antiséptico, extractode Iris como seborregulador y retinol para favorecer la renovación celular Además, tiene una asociación de activos hidratantes; lipomoistTM y ácido hialurónico que garantizan una hidratación duradera Posee un alto efecto antioxidante gracias a nuestros exclusivos Polifenoles de UVA. Keywords: hipoalergénica sin parabenos no comedogénico clínica y dermatológicamente testeado cruelty free; dermocosmética; piel oleosa; hidratación; acneiqué. Presentación Pomo x 40gr. Dimensiones 40mm x 30mm x 145mm. Peso 60gr.",
7798182770332,"Producto Acneiqué Gel. Marca Cepage Descripción: Gel Limpiador para pieles con tendencia al acné Seborregulador y Purificante. Indicaciones: Acneique Gel es un limpiador suave diario para el rostro Indicado para pieles oleosas y/o con tendencia al acné Elimina las impurezas y el exceso de sebo Deja la piel limpia y fresca con un efecto mate. Uso: Aplicar en el rostro por la mañana y/o noche con la piel húmeda y con suaves masajes Enjuagar con abundante agua No aplicar en los ojos. Beneficios: Contiene Zinc como antiséptico, extracto de iris como seborregulador y retinol para favorecer la renovación celular Posee un alto efecto antioxidante gracias a nuestros exclusivos Polifenoles de UVA. Keywords: hipoalergénica sin parabenos no comedogénico clínica y dermatológicamente testeado cruelty free; dermocosmética; piel oleosa; acneiqué; limpieza. Presentación Pomo x 200gr. Dimensiones 80mm x 50mm x 185mm. Peso 225gr.",
7798182770851,"Producto Acneiqué H20. Marca Cepage Descripción: Solución Micelar para pieles mixtas a grasas Limpia, desmaquilla y matifica. Indicaciones: Solución micelar limpiadora y desmaquillante de rostro y ojos para pieles oleosas y/o con tendencia al acné Limpia, desmaquilla y seborregula Piel fresca y matificada al instante. Uso: Aplicar con un algodón humedecido sobre todo el rostro Limpie y/o desmaquille la cara y los ojos con suavidad Repetir la aplicación hasta que el algodón salga limpio y secar la cara suavemente sin frotar, con una toalla limpia. Beneficios: Los activos Manitol y Xilitol, son hidratantes y calmantes Contiene Zinc como antiséptico, extracto de Iris como seborregulador y Retinol para favorecer la renovación celular El ácido láctico contribuye en la mejora de la textura de la piel Posee un alto efecto antioxidante gracias a nuestros exclusivos Polifenoles de uva. Keywords: oftalmológica y dermatológicamente testeado cruelty free; hipoalergénica sin parabenos no comedogénico clínica; dermocosmética; piel oleosa; acneiqué; limpieza. Presentación Envase x 245ml. Dimensiones 60mm x 55mm x 145mm. Peso 276gr.",
7795345122748,"Producto Probiac comprimidos 30+30. Marca Cepage Descripción: Suplemento dietario a base de Probióticos y Vitaminas. Indicaciones: Coadyuvante en el tratamiento del acné Ayuda a mejorar el acné en todas sus fases. Uso: Tomar comprimido de Vitaminas, Zinc y Cobre (comprimido verde) y comprimido de probióticos al dia (comprimido blanco). Beneficios: Probióticos y Vitaminas que ayudan a modular la inflamacion sistemica que produce el acné y a controlar la hiperqueratinización, hipersecrecion y proliferación del acné. Keywords: libre de gluten (sin tacc; lactosa y azúcar; dermocosmética; piel oleosa; probioticos; acneiqué. Presentación 30+30comprimidos recubiertos.",
7798182771179,"Producto Acneiqué Gel. Marca Cepage Descripción: Gel Limpiador para pieles con tendencia al acné Seborregulador y Purificante. Indicaciones: Acneique Gel es un limpiador suave diario para el rostro Indicado para pieles oleosas y/o con tendencia al acné Elimina las impurezas y el exceso de sebo Deja la piel limpia y fresca con un efecto mate. Uso: Aplicar en el rostro por la mañana y/o noche con la piel húmeda y con suaves masajes Enjuagar con abundante agua No aplicar en los ojos. Beneficios: Contiene Zinc como antiséptico, extracto de iris como seborregulador y retinol para favorecer la renovación celular Posee un alto efecto antioxidante gracias a nuestros exclusivos Polifenoles de UVA. Keywords: hipoalergénica sin parabenos no comedogénico clínica y dermatológicamente testeado cruelty free; dermocosmética; piel oleosa; acneiqué; limpieza. Presentación Botella x 450gr.",
7798182770950,"Producto Acneiqué Exfoliant. Marca Cepage Descripción: Gel exfoliante 2en para pieles con tendencia al acné. Indicaciones: Acneiqué Exfoliant es un gel renovador 2en  Gracias a sus microparticulas, elimina células muertas, impurezas y el exceso de sebo. Uso: Aplicar una a tres veces por semana sobre la piel húmeda del rostro con suaves masajes circulares Reforzar en mentón, nariz y frente Evitar contorno de ojos Enjuagar con abundante agua. Beneficios: Acneique Exfoliant 2en , contiene Novascrub™ Arroz: micropartículas de arroz impregnadas en una solución de alfa hidroxiácidos derivados del kiwi Es un exfoliante inteligente de acción dos en uno; física y química Es 00% natural y biodegradable y Respeta el PH fisiológico de la piel Además, posee Zinc como antiséptico, extracto de Iris como seborregulador y Retinol para potenciar la renovación celular Pentavitin® garantiza una hidratación instantánea y profunda por 72horas Posee un alto efecto anti oxidante gracias a nuestros exclusivos Polifenoles de uva La piel lucirá piel suave, limpia y fresca con un efecto mate. Keywords: hipoalergénico testeado clínica y dermatológicamente sin parabenos; dermocosmética; piel oleosa; acneiqué; limpieza. Presentación Pomo x 70gr. Dimensiones 35mm x 35mm x 135mm. Peso 80gr.",
,"Producto Acneiqué Sérum. Marca Cepage  . Descripción: Sérum anti-imperfecciones intensivo para pieles oleosas y/o con tendencia al acné. Indicaciones: Acneiqué Sérum anti-imperfecciones intensivo, es un tratamiento para atenuar marcas, poros visibles y puntos blancos y negros Seborregulador, peeling diario y antioxidante Una fórmula que purifica y mejora la textura de la piel e hidrata Indicado para pieles oleosas y como coadyuvante en los tratamientos del acné. Uso: Aplicar sobre la piel limpia y seca del rostro, por la noche Colocar 3a 5gotas sobre la piel realizando suaves masajes circulares con la yema de los dedos Evitar el contacto con mucosas y el contorno de los ojos Para potenciar el efecto, se recomienda complementar con Acneiqué Gel y/o Acneiqué Mat Durante el tratamiento, es necesario el uso de protección solar FPS 50+ de día y evitar la exposición prolongada al sol Comenzar su uso de forma alternada y progresiva. Beneficios: Acneiqué Sérum es un sérum intensivo para pieles oleosas y/o con tendencia al acné Su exclusiva fórmula contiene una asociación sinérgica de activos: Niacinamida 5%, Vitamina B3que mejora la función barrera de la piel, calma y protege, además de contribuir a seborregular y atenuar las manchas Ácido Salicílico ,5% y Ácido Glicólico 35% combinados para una acción queratolítica, que favorece la renovación celular, mejora la textura de la piel y atenúa las imperfecciones características como marcas, poros dilatados y puntos blancos y negros ALPAFLOR® ALP®-SEBUM ,5%, activo natural proveniente de los Alpes Suizos, que contribuye a seborregular, matificar y suavizar la piel oleosa Es un inhibidor de la 5alfa reductasa, enzima clave en la producción de sebo que inhibe marcadores inflamatorios Disminuye la producción del cutibacterium acnés mejorando el microbioma natural cutáneo Se suman a la fórmula Bisabolol, oligoelementos vitales para la piel y nuestros exclusivos polifenoles de UVA con alto efecto antioxidante Su textura es fluida y de rápida absorción. Keywords: hipoalergénico testeado clínica y dermatológicamente; dermocosmética; piel oleosa; exfoliación; acneiqué. Presentación Gotero x 30ml.",
7798182770059,"Producto Clarité. Marca Cepage Descripción: Crema fluída blanqueadora y despigmentante Antioxidante. Indicaciones: Clarité es una crema fluída despigmentante que atenúa manchas y unifica el tono de la piel otorgándole luminosidad Contiene activos hidratantes y antioxidantes Cuidado diario ideal para pieles hiperpigmentadas y coadyuvante de tratamientos médicos. Uso: Aplicar Clarité sobre la piel limpia y seca del rostro, cuello y escote, indistintamente por la mañana y/o noche Se recomienda utilizar el producto diariamente durante 60-90días como mínimo para resultados visibles Complementar con protección solar. Beneficios: Su fórmula contiene activos innovadores, exclusivos y sinérgicos: Chromabright®, activo blanqueador que regula el proceso de pigmentación de la piel mediante la reducción de la actividad de la tirosinasa; una enzima clave que cataliza las dos primeras reacciones de la síntesis de melanina, responsable del color de la piel Unifica visiblemente y de forma segura la piel al tiempo que retrasa el fotoenvejecimiento No fotosensibilizante Apto para usar todo el año Posee además un alto efecto antioxidante gracias a nuestros exclusivos Polifenoles de UVA combinados con oesferas de Vitamina C y Vitamina E Esta asociación potencia la acción despigmentante de Chromabright® Su textura fluída y de rápida absorción aporta hidratación y luminosidad. Keywords: hipoalergénica sin parabenos clínica y dermatológicamente testeado cruelty free; dermocosmética; pigmentación; clarité; manchas. Presentación Pomo x 30ml. Dimensiones 36mm x 28mm x 135mm. Peso 45gr.",
7798182770806,"Producto Clarité Contorno de Ojos. Marca Cepage Descripción: Crema despigmentante para contorno de ojos Atenúa bolsas y ojeras Antioxidante. Indicaciones: Clarité contorno de ojos es una crema despigmentante que atenúa manchas y unifica el tono de la piel otorgándole luminosidad Reduce visiblemente bolsas y ojeras Cuidado diario ideal para contorno de ojos hiperpigmentados y oscuros. Uso: Aplicar Clarité contorno de ojos sobre la piel limpia y seca con suaves masajes ascendentes sobre el hueso periocular Para alcanzar efectividad máxima aplicar dos veces al día (mañana y noche) Se recomienda utilizar el producto diariamente durante 60-90días como mínimo para resultados visibles Complementar con protección solar. Beneficios: Su fórmula contiene activos innovadores, exclusivos y sinérgicos: Chromabright® activo blanqueador que regula el proceso de pigmentación de la piel mediante la inhibición de la tirosinasa, una enzima clave que cataliza las dos primeras reacciones de la síntesis de melanina, responsable del color de la piel Unifica visiblemente y de forma segura la piel al tiempo que retrasa el fotoenvejecimiento No fotosensibilizante Apto para usar todo el año Regu® Age activo que combina péptidos de arroz y soja y SOD (súper oxido dismutasa) Mejora la microcirculación capilar para reducir bolsas y ojeras Protege del estrés oxidativo a la vez que refuerza y protege la matriz de colágeno y elastina de la delicada y delgada piel del contorno de ojos Posee además un alto efecto antioxidante gracias a nuestros exclusivos Polifenoles de UVA. Keywords: hipoalergénica sin parabenos clínica y dermatológicamente testeado cruelty free; contorno de ojos; dermocosmética; pigmentación; clarité; manchas. Presentación Airless x 5gr. Dimensiones 35mm x 28mm x 115mm. Peso 40gr.",
7798182771261,"Producto Clarité TX Sérum. Marca Cepage Descripción: Sérum despigmentante intensivo Antioxidante y protector celular. Indicaciones: Clarité Sérum despigmentante intensivo, es un tratamiento para ayudar a reducir las manchas y su reaparición Indicado para hiperpigmentaciones de cualquier origen y manchas asociadas al fotoenvejecimiento Promueve una piel radiante y un tono uniforme. Uso: Aplicar sobre la piel limpia y seca del rostro, cuello y escote Colocar 3a 5gotas una vez al día sobre la piel realizando suaves masajes circulares con la yema de los dedos Evitar el contorno de ojos Se recomienda utilizar el producto diariamente durante 60-90días como mínimo Para potenciar el efecto, se recomienda complementar con Clarité crema fluída y/o Renovateurs Durante el tratamiento, es necesario el uso de protección solar FPS 50+ de día y evitar la exposición prolongada al sol. Beneficios: Clarité Sérum es una fórmula específica despigmentante Ideal para manchas cutáneas propias de la edad o bien causadas por factores medioambientales o genéticos Contiene ácido tranexámico al 3%, una molécula de referencia con alta eficacia para despigmentar y optimizar la acción de otros tratamientos para hiperpigmentación, sean dermocosméticos y/o médicos Se potencia con Niacinamida 5% que hidrata, protege la barrera cutánea y unifica el tono Además, posee OTZ 0®ProTaurine que es un poderoso antioxidante y protector celular frente a los daños provocados por especies reactivas de oxígeno (ROS) nitrógeno (RNS) y carbonilo (RCS) provenientes de la incidencia de los rayos UV, la polución, contaminación y luz azul Es un activo inteligente, que luego de captar los radicales libres, se convierte en taurina; un poderoso activo antifatiga Un shock de energía para la piel Contiene, además nuestros exclusivos polifenoles de UVA Con el uso frecuente y correcto Clarité Sérum unifica el tono, reduce las manchas y su reaparición Su textura es fluida y de rápida absorción. Keywords: hipoalergénica sin parabenos clínica y dermatológicamente testeado cruelty free; dermocosmética; pigmentación; clarité; manchas. Presentación Gotero x 30ml.",
7798182770028,"Producto Hydrafirm AR. Marca Cepage Descripción: Sérum hidratante anti-age de día Antioxidante. Indicaciones: Hydrafirm AR sérum de día es un hidratante y preventivo de las arrugas de expresión de textura ultra ligera, cuidado diario ideal para todo tipo de piel. Uso: Aplicar Hydrafirm AR sérum de día sobre la piel limpia y seca del rostro, cuello y escote Se recomienda utilizar combinado con Hydrafirm HA sérum, para potenciar el tratamiento hidratante. Beneficios: Su fórmula contiene activos sinérgicos e innovadores: Pentavitin®; un ingrediente 00% natural que garantiza una hidratación instantánea y profunda generando una reserva de humedad que dura hasta 72horas Argireline®, hexapéptido que previene y suaviza las arrugas y líneas de expresión causadas por la contracción muscular Posee además un alto efecto antioxidante gracias a nuestros exclusivos Polifenoles de UVA Su textura ligera permite una rápida absorción. Keywords: hipoalergénica sin parabenos clínica y dermatológicamente testeado cruelty free; piel normal a sensible; dermocosmética; hidratación; hydrafirm; anti; edad. Presentación Airless x 30ml. Dimensiones 42mm x 35mm x 130mm. Peso 63gr.",
7798182770011,"Producto Hydrafirm PH. Marca Cepage Descripción: Crema ultra-hidratante anti-age de noche Regula el FHN (Factor Natural de Hidratación) Previene arrugas Antioxidante. Indicaciones: Hydrafirm PH crema de noche es un tratamiento ultrahidratante y preventivo de las arrugas y/o líneas de expresión Cuidado diario de noche ideal para todo tipo de piel. Uso: Aplicar Hydrafirm PH cream de noche sobre la piel limpia y seca del rostro, cuello y escote Se recomienda utilizarlo combinado con Hydrafirm HA serúm, para potenciar el tratamiento hidratante. Beneficios: Su fórmula contiene activos sinérgicos e innovadores Pentavitin®: un ingrediente 00% natural que garantiza una hidratación instantánea y profunda generando una reserva de humedad que dura hasta 72horas Urea, componente natural de FHN (factor hidratante natural), realiza una suave exfoliación y es hidratante Ácido Hialurónico potencia la acción hidratante Posee además un alto efecto antioxidante gracias a la asociación de vitamina E y Polifenoles de UVA. Keywords: hipoalergénica sin parabenos clínica y dermatológicamente testeado cruelty free; piel normal a sensible; dermocosmética; hidratación; hydrafirm; anti; edad. Presentación Pomo x 50g. Dimensiones 40mm x 40mm x 135mm. Peso 70gr.",
7798182770097,Producto Hydrafirm CO. Marca Cepage Descripción: Crema hidratante y preventiva para contorno de ojos Atenúa bolsas y ojeras Antioxidante. Indicaciones: Hydrafirm CO contorno de ojos es una crema hidratante y preventiva del envejecimiento cutáneo Atenúa bolsas y ojeras Cuidado diario para el contorno de ojos. Uso: Aplicar Hydrafirm CO contorno de ojos sobre la piel limpia y seca del contorno de ojos con suaves masakes ascendentes Para alcanzar efectividad máxima aplicar dos veces al día (mañana y noche). Beneficios: Su fórmula contiene activos sinérgicos e innovadores: Pentavitin®; un ingrediente 00% natural que garantiza una hidratación instantánea y profunda generando una reserva de humedad que dura hasta 72horas Eyeseryl®: un potente tetrapéptido con propiedades descongestivas Reduce rápidamente la hinchazón y aumenta la elasticidad de la piel alrededor de los ojos Aclara las ojeras Posee además un alto efecto antioxidante gracias a la asociación de Vitamina E y Polifenoles de UVA. Keywords: orfalmológica y dermatológicamente testeado cruelty free; hipoalergénica sin parabenos clínica; piel normal a sensible; contorno de ojos; dermocosmética; hidratación; hydrafirm. Presentación Pomo cánula x 5g. Dimensiones 40mm x 23mm x 125mm. Peso 28gr.,
7798182770103,"Producto Hydrafirm Rougeurs. Marca Cepage Descripción: Cuidado concentrado para pieles sensibles y/o rojeces localizadas. Indicaciones: Hydrafirm Rougeurs cuidado concentrado contribuye a calmar el discomfort de pieles sensibles y/o reactivas Atenúa rojeces transitorias y/o permanentes y previene su aparición. Uso: Aplicar Hydrafirm Rougeurs sobre la piel limpia y seca del rostro, con especial atención en zonas con rojeces Se recomienda el uso de protección solar durante el día. Beneficios: Su fórmula contiene activos sinérgicos e innovadores: Oligovita™ aporta oligoelementos de origen vegetal; cuida y revitaliza piele apagadas y cansadas Se suman Chamomilla, Castaño de Indias, Hamamelis, Árnica y Regaliz que aportan alivio y calma Reduce las sensaciones de irritación y rubor Atenúa rojeces transitorias y/o permanentes y previene su aparición Contiene Polifenoles de UVA como antioxidante Además, posee un ligero color verde, que ayuda a neutralizar ópticamente las rojeces. Keywords: hipoalergénica sin parabenos clínica y dermatológicamente testeado cruelty free; piel normal a sensible; dermocosmética; hidratación; hydrafirm. Presentación Pomo cánula x 30g. Dimensiones 40mm x 30mm x 145mm. Peso 48gr.",
7798182770875,"Producto Hydrafirm H20. Marca Cepage Descripción: Solución micelar limpiadora y desmaquillante de rostro y ojos para pieles normales y sensibles Limpia, desmaquilla e hidrata. Indicaciones: Hydrafirm H20ees una solución micelar limpiadora y desmaquillante de rostro y ojos para pieles normales y sensibles Limpia, desmaquilla e hidrata Piel fresca e hidratada al instante. Uso: Aplicar Hydrafirm H2O con un algodón humedecido sobre todo el rostro Limpiar y/o desmaquillar la cara y los ojos con suavidad Repetir la aplicación hasta que el algodón salga limpio y secar la cara suavemente sin frotar, con una toalla limpia. Beneficios: Manitol y Xilitol son activos hidratantes y calmantes Oligovita™ es un activo vegetal compuesto por L-Arginina, Maca y jengibre que proporciona oligoelementos vitales para la piel Pentavitin® es un ingrediente 00 % natural que garantiza una hidratación instantánea y profunda generando una reserva de humedad por 72horas; mejora la hidratación de las células epidérmicas y refuerza el efecto barrera de la piel Posee un alto efecto anti oxidante gracias a nuestros exclusivos Polifenoles de UVA. Keywords: orfalmológica y dermatológicamente testeado cruelty free; hipoalergénica sin parabenos clínica; piel normal a sensible; dermocosmética; hydrafirm; limpieza. Presentación Envase x 245ml. Dimensiones 60mm x 55mm x 145mm. Peso 276gr.",
7798182770905,"Producto Hydrafirm UV. Marca Cepage Descripción: Emulsión hidratante y protectora de día SPF 30+. Indicaciones: Hydrafirm UV es una emulsión para el rostro, ultra hidratante y preventiva del fotoenvejecimiento cutáneo Contiene filtros de amplio espectro SPF30, que protegen la piel de los daños producidos por los rayos UVB/UVA Además, contiene OTZ 0® ProTaurine poderoso antioxidante y protector celular frente a los daños provocados por radicales libres, luz azul e IR Su textura es fluida y de rápida absorción con un acabado suave. Uso: Aplicar Hydrafirm UV sobre la piel limpia y seca del rostro, cuello y escote Colocar sobre la piel realizando suaves masajes circulares con la yema de los dedos evitando el contorno de ojos Este producto no es un protector solar. Beneficios: Su fórmula contiene Ácido Hialurónico combinado con Pentavitin®; un ingrediente 00% natural que garantiza una hidratación instantánea y profunda generando una reserva de humedad que dura 72horas Contiene filtros de amplio espectro SPF30, que protegen la piel de los daños producidos por los rayos UVB/UVA Además, posee OTZ 0® ProTaurine que es un poderoso antioxidante y protector celular frente a los daños provocados por especies reactivas de oxígeno (ROS) nitrógeno (RNS) y carbonilo (RCS) proveniente de la incidencia de los rayos UV, la polución, contaminación y luz azul Es un activo inteligente, que luego de captar los radicales libres, se convierte en taurina; un poderoso activo antifatiga Un shock de energía para la piel Posee un alto efecto antioxidante gracias a nuestros exclusivos Polifenoles de UVA. Keywords: hipoalergénica sin parabenos clínica y dermatológicamente testeado cruelty free; piel normal a sensible; dermocosmética; hidratación; hydrafirm. Presentación Airless x 30gr.",
7798182770929,"Producto Hydrafirm HA. Marca Cepage Descripción: Sérum ultra hidratante Protector del ADN Dérmico Antioxidante. Indicaciones: Hydrafirm HA Sérum es un concentrado hidratante de textura ultra ligera, cuidado diario ideal para todo tipo de piel Previene, protege y estimula los mecanismos naturales de reparación del ADN dérmico a la vez que genera una reserva de humedad de hasta 72horas. Uso: Aplicar Hydrafirm HA Sérum sobre la piel limpia y seca del rostro, cuello y escote Colocar 3a 5gotas sobre la piel realizando suaves masajes circulares con la yema de los dedos Para alcanzar efectividad máxima aplicar dos veces al día (mañana y noche) Se recomienda utilizar combinado con Hydrafirm AR, Hydrafirm UV y/o Hydrafirm PH para potenciar el tratamiento hidratante. Beneficios: Su fórmula contiene activos sinérgicos e innovadores: Pentavitin®; un ingrediente 00% natural que garantiza una hidratación instantánea y profunda generando una reserva de humedad que dura hasta 72horas, potenciado con Ácido Hialurónico de alto peso molecular que garantiza una hidratación prolongada Juveleven™, hexapéptido que refuerza los mecanismos naturales de reparación y eliminación de errores en el ADN dérmico que ocurren a lo largo de los años, rejuveneciendo las células de la piel Guardián de la integridad genómica Posee además un alto efecto antioxidante gracias a nuestros exclusivos Polifenoles de UVA. Keywords: hipoalergénica sin parabenos clínica y dermatológicamente testeado cruelty free; piel normal a sensible; dermocosmética; hidratación; hydrafirm. Presentación Gotero x 30ml.",
7798182771148,"Producto Tenseur DMAE. Marca Cepage Descripción: Concentrado anti-age efecto tensor, reafirma, ilumina e hidrata Antioxidante. Indicaciones: Tenseur DMAE es un concentrado que favorece el incremento de la firmeza y elasticidad de la piel Un shock tensor de 0días de tratamiento para pieles con flaccidez y/o envejecimiento. Uso: Golpear suavemente la cabeza de la ampolla, insertar el rompe ampollas plástico y partirla Aplicar el contenido de la ampolla Tenseur DMAE sobre la piel limpia y seca del rostro, cuello y escote Evitar el contorno de ojos Aplicar una ampolla por día, durante 0días consecutivos Para una máxima eficacia, se recomienda repetirlo vez al mes al menos 3meses Se recomienda utilizar combinado con nuestra línea anti-age Tenseur. Beneficios: Tenseur DMAE es un sérum anti-age que contiene DMAE (dimetilaminoetanol) 5% Es un activo que favorece el aumento de la síntesis de colágeno y de glicosaminoglicanos dérmicos Mejora la tonicidad y firmeza cutánea Contiene Epidermosil® 2% que combina silicio orgánico con ácido hialurónico de bajo peso molecular Rellena e hidrata 24hs Su fórmula se potencia con péptidos que estimulan la producción de colágeno y elastina dérmicos Un shock tensor y reafirmante de la piel Posee un alto efecto antioxidante gracias a nuestros Polifenoles de UVA Su textura es muy ligera, y se absorbe rápidamente La piel lucirá iluminada, revitalizada y rejuvenecida. Keywords: hipoalergénico testeado clínica y dermatológicamente; dermocosmética; tenseur; anti; edad. Presentación 0Ampollas x 2ml.",
7798182770349,"Producto Tenseur HA B5. Marca Cepage Descripción: Sérum concentrado Anti-Age Rellena y repara arrugas Ultra-hidratante Antioxidante. Indicaciones: Tenseur HA B5Serúm Anti-Age es un super concentrado que rellena y repara arrugas y líneas de expresión Cuidado diario ideal para todo tipo de pieles Complejo hidratante y antioxidante. Uso: Aplicar Tenseur HA B5Serúm sobre la piel limpia y seca del rostro, cuello y escote Colocar 3a 5gotas sobre la piel realizando suaves masajes circulares con la yema de los dedos Para alcanzar efectividad máxima aplicar dos veces al día (mañana y noche) Se recomienda utilizar combinado con Tenseur HA B5Lifting o Tenseur HA B5Volumen para potenciar el tratamiento anti-edad. Beneficios: Su fórmula combina altas concentraciones de Ácidos Hialurónicos de bajo y alto peso molecular Epidermosil® 3% que combina Silicio Orgánico con Ácido Hialurónico de bajo peso molecular y potenciado con Ácido Hialurónico 0,2% de alto pesomolecular Efecto lifting, rellena e hidrata 24horas Contiene además Vitamina B5que repara la piel Estimula la regeneración y la resistencia de la piel Gracias a nuestros exclusivos Polifenoles de UVA posee un alto efecto antioxidante Esta asociación brinda un efecto lifting inmediato y duradero. Keywords: hipoalergénica sin parabenos clínica y dermatológicamente testeado cruelty free; dermocosmética; tenseur; anti; edad. Presentación Gotero x 30ml. Dimensiones 64mm x 39mm x 100mm. Peso 60gr.",
7798182770370,"Producto Tenseur HA Contorno de ojos. Marca Cepage Descripción: Crema Anti-Age para contorno de ojos Rellena y repara arrugas Atenúa bolsas y ojeras. Indicaciones: Tenseur HA Contorno de Ojos es una crema Anti-Age para el contorno de ojos Cuidado diario ideal para todo tipo de piel Rellena y repara arrugas y líneas de expresión de forma inmediata y duradera Es hidratante y antioxidante Atenúa bolsas y ojeras. Uso: Aplicar Tenseur HA Ojos sobre la piel limpia y seca del contorno de ojos con suaves masajes ascendentes Para alcanzar efectividad máxima aplicar dos veces al día (mañana y noche). Beneficios: Su fórmula contiene activos innovadores, exclusivos y sinérgicos: Cafeisilane® 2% que estimula la microcirculación y atenúa bolsas y ojeras Efecto anti-fatiga y anto-estrés Hyadisine® % activo biotecnológico ""Hyaluronic like"" que brinda un efecto de relleno inmediato Epidermosil® 3% que combina Silicio Orgánico con Ácido Hialurónico de bajo peso molecular potenciado con Ácido Hialurónico 0,% de alto peso molecular Esta asociación brinda un efecto lifting inmediato y duradero en arrugas periorbitales Rellena, hidrata 24horas y suaviza bolsas y ojeras Posee además un alto efecto antioxidante gracias a nuestros exclusivos Polifenoles de UVA Su mirada lucirá descansada e iluminada. Keywords: orfalmológica y dermatológicamente testeado cruelty free; hipoalergénica sin parabenos clínica; contorno de ojos; dermocosmética; tenseur; anti; edad. Presentación Airless x 5gr. Dimensiones 35mm x 28mm x 115mm. Peso 40gr.",
7798182770356,"Producto Tenseur HA B5Lifting. Marca Cepage Descripción: Crema gel Anti-Age Rellena y repara arrugas Efecto Inmediato Hidratante Antioxidante. Indicaciones: Tenseur HA B5Lifting crema gel anti-age rellena y repara arrugas Cuidado diario ideal para pieles con primeras arrugas y deshidratadas Rellena y repara arrugas y líneas de expresión de forma inmediata y duradera Complejo hidratante y antioxidante. Uso: Aplicar Tenseur HA B5Lifting sobre la piel limpia y seca del rostro, cuello y escote; realizando suaves masajes circulares con la yema de los dedos Para alcanzar efectividad máxima aplicar dos veces al día (mañana y noche) Se recomienda utilizar combinado con Tenseur HA B5Serúm para potenciar el tratamiento anti-edad. Beneficios: Su fórmula contiene activos innovadores, exclusivos y sinérgicos: Hyadisine® %, activo biotecnológico ""Hyaluronic like"" que brinda un efecto de relleno inmediato Epidermosil® 3% que combina Silicio Orgánico con Ácido Hialurónico de bajo peso molecular potenciado con Ácido Hialurónico 0,2% de alto peso molecular Contiene además Vitamina B5que repara y protege la piel Estimula la regeneración y resistencia de la piel Esta asociación brinda un efecto lifting inmediato y duradero Rellena e hidrata 24horas Posee además un alto efecto antioxidante gracias a nuestros exclusivos Polifenoles de UVA La piel lucirá alisada, revitalizada y rejuvenecida. Keywords: hipoalergénica sin parabenos clínica y dermatológicamente testeado cruelty free; dermocosmética; tenseur; anti; edad. Presentación Airless x 30gr. Dimensiones 40mm x 33mm x 150mm. Peso 63gr.",
7798182770363,"Producto Tenseur HA B5Volumen. Marca Cepage Descripción: Crema gel Anti-Age Rellena y repara arrugas proundas Redensifica y reafirma Antioxidante. Indicaciones: Tenseur HA B5Volumen crema anti-age rellena y repara arrugas profundas Cuidado diario ideal para pieles maduras y envejecidas Redefine los contornos del rostro aportando volumen, firmeza y nutrición Es hidratante y antioxidante. Uso: Aplicar Tenseur HA B5Volumen sobre la piel limpia y seca del rostro, cuello y escote, realizando suaves masajes circulares con la yema de los dedos Para alcanzar efectividad máxima aplicar dos veces al día (mañana y noche) Se recomienda utilizar combinado con Tenseur HA B5Serúm para potenciar el tratamiento anti-edad. Beneficios: Su fórmula contiene activos innovadores, exclusivos y sinérgicos: Matrixyl ® 3000 3% una combinación de péptidos que estimula la producción de colágeno, elastina y Ácido Hialurónico endógeno Revierte el envejecimiento cronológico y retarda el fotoenvecimiento cutáneo Redensifica y reafirma Epidermosil® 3% que combina Silicio Orgánico con Ácido Hialurónico de bajo peso molecular potenciado con Ácido Hialurónico 0,% de alto peso molecular El dúo de Ácidos Hialurónicos rellena e hidrata 24hroas El Silicio Orgánico estimula la producción de colágeno, favorece la proliferación celular, tiene un efecto anti-estrés y anti-fatiga Contiene además Vitamina B5que repara y protege la piel Estimula la regeneración y la resistencia de la piel Gracias a nuestros exclusivos Polifenoles de UVA posee además un alto efecto antioxidante Mejora el estado general de la piel Aporta volumen, firmeza y redefine el contorno facial. Keywords: hipoalergénica sin parabenos clínica y dermatológicamente testeado cruelty free; dermocosmética; tenseur; anti; edad. Presentación Airless x 30gr. Dimensiones 40mm x 33mm x 150mm. Peso 63gr.",
7798182770233,"Producto Filtres Fluide 50+. Marca Cepage Descripción: Fotoprotector Fluído Protección muy alta. Indicaciones: Fotoprotección diaria contra rayos UVB/UVA, para pieles extremadamente sensibles a la quemadura solar. Uso: Aplicar abundantemente 30minutos antes de la exposición al sol Reaplicar cada 2horas y/o luego de la sudoración intensa, nadar o bañarse, secarse con toalla y durante la exposición al sol Si la cantidad aplicada no es adecuada, el nivel de protección será significativamente reducido Es necesaria la reaplicación del producto para mantener su efectividad. Beneficios: Aquaxyl Hidratante ultifuncional Sepicalm S calmante Filtros UVA/UVB garantiza una protección óptima Previene el envejecimiento prematuro provocado por la acción de los rayos solares, protegiendo la piel del riesgo del daño celular Textura ultraligera y de rápida absorción. Keywords: hipoalergénica sin parabenos clínica y dermatológicamente testeado cruelty free; protección solar; dermocosmética; filtres. Presentación Spray x 50ml. Dimensiones 50mm x 40mm x 130mm. Peso 87gr.",
7798182770264,"Producto Filtres Fluide Color 50+. Marca Cepage Descripción: Fotoprotector Fluído Protección muy alta. Indicaciones: Fotoprotección diaria contra rayos UVB/UVA, para pieles extremadamente sensibles a la quemadura solar. Uso: Agitar vigorosamente antes de usar Aplicar generosamente sobre la piel limpia y seca, 30minutos antes de la exposición al sol Repetir la aplicación cada 2horas durante la exposición al sol y renovarla luego del contacto con el agua y/o sudoración intensa, y después de secarse con toalla Si la cantidad aplicada no es adecuada, el nivel de protección será significativamente reducido Es necesaria la reaplicación del producto para mantener su efectividad. Beneficios: Filtros UVA/UVB garantiza una protección óptima Previene el envejecimiento prematuro provocado por la acción de los rayos solares, protegiendo la piel del riesgo del daño celular Textura ultraligera y de rápida absorción, con color. Keywords: hipoalergénica sin parabenos clínica y dermatológicamente testeado cruelty free; protección solar; dermocosmética; filtres. Presentación 50ml. Dimensiones 50mm x 40mm x 130mm. Peso 87gr.",
7798182770394,"Producto Filtres Fluide Toucher Sec 50+. Marca Cepage Descripción: Fotoprotector Toque Seco FPS 50+. Indicaciones: Fotoprotección diaria contra rayos UVB/UVA, para pieles extremadamente sensibles a la quemadura solar Crema fluída, acabado mate y toque seco Formula oil-free, controla y reduce la oleosidad de la piel. Uso: Aplicar abundantemente 30minutos antes de la exposición al sol Repetir la aplicación cada dos horas y/o luego del contacto con el agua o sudoración intensa, nadar o bañarse, secarse con toalla y durante la exposición al sol Si la cantidad aplicada no es adecuada, el nivel de protección será significativamente reducido Es necesaria la reaplicación del producto para mantener su efectividad. Beneficios: Garantiza una protección óptima Previene el envejecimiento prematuro de la piel y las manchas provocadas por la acción de los rayos solares Textura ultra ligera y de rápida absorción Acabado mate (anti-brillo). Keywords: hipoalergénica sin parabenos clínica y dermatológicamente testeado cruelty free; protección solar; dermocosmética; filtres. Presentación 50gr. Dimensiones 50mm x 40mm x 130mm. Peso 87gr.",
7798182771100,"Producto Capillaire Max Champú Anticaída. Marca Cepage Descripción: Champú coadyuvante en el tratamiento de la caída del cabello. Indicaciones: Fórmula que limpia y estimula el crecimiento y fortalece la fibra capilar. Uso: Aplicar en el cuero cabelludo, masajear suavemente con la yema de los dedos Dejar actuar unos minutos y enjuagar con abundante agua Utilizar dos a tres veces por semana. Beneficios: Su fórmula contiene Aminexil: Componente anti-caída Promueve fibras fuertes y resistentes El extracto de ortiga junto con la phytoqueratina, la vitamina E y los polifenoles de uva mejoran la microcirculación del cuero cabelludo y revitaliza la fibra del cabello, estimulando su crecimiento. Keywords: hipoalergénica sin parabenos clínica y dermatológicamente testeado cruelty free; cuidado capilar; dermocosmética; capillaire. Presentación 90ml.",
7798182771117,"Producto Capillaire Champú Caspa G. Marca Cepage Descripción: Champú coadyuvante en el tratamiento de la caspa Seborregulador. Indicaciones: Fórmula que limpia y controla oleosidad y caspa. Uso: Aplicar en el cuero cabelludo, masajear suavemente con la yema de los dedos Dejar actuar unos minutos y enjuagar con abundante agua Utilizar dos a tres veces por semana. Beneficios: Su fórmula contiene Piroctone Olamine: Componente anti-caspa La asociación de ácido salicílico y tea tree oil seborregula, alivia la picazón y deja el cabello suave, hidratado y brillante Además, contiene polifenoles de uva. Keywords: hipoalergénica sin parabenos clínica y dermatológicamente testeado cruelty free; cuidado capilar; dermocosmética; capillaire. Presentación 90ml.",
7798182770387,"Producto Capillaire Max Loción Anticaída. Marca Cepage Descripción: Spray sin enjuague Coadyuvante en el tratamiento de la caída del cabello. Indicaciones: Fórmula que estimula el crecimiento del cabello, a la vez que restaura su estructura, aportando fuerza y resistencia a la fibra capilar. Uso: Producto de uso diario Aplicar en el cuero cabelludo una vez al día Masajear suavemente con la yema de los dedos No enjuagar No deja película oleosa Se recomienda el uso sobre cabello húmedo, recién lavado Complementar el tratamiento con Shampoo tratante CÉPAGE Champú Anticaída. Beneficios: Aminexil 2% Pantotenato de Calcio Arginina %. Keywords: hipoalergénica sin parabenos clínica y dermatológicamente testeado cruelty free; cuidado capilar; dermocosmética; capillaire. Presentación spray x 20ml. Dimensiones 50mm x 50mm x 190mm. Peso 165gr.",
7798182770639,"Producto Capillaire Max Acide Aminé. Marca Cepage Descripción: Suplemento dietario en comprimidos recubiertos Fortalecedor y protector de cabello y uñas. Indicaciones: Coadyuvante en el tratamiento de la caída del cabello y de las uñas frágiles y quebradizas Mejora el aspecto general de la piel. Uso: Tratamiento de 30comprimidos Tomar un comprimido recubierto por día. Beneficios: Coadyuvante en el tratamiento de la caída del cabello y de las uñas frágiles y quebradizas Mejora el aspecto general de la piel L-CISTINA: Es el aminoácido más importante presente en el cabello y uñas Activa los procesos de queratinización, fortaleciendo y protegiendo su crecimiento BIOTINA: Vitamina que mejora el crecimiento y aspecto del cabello, uñas y piel ZINC: Mineral que promueve el crecimiento del cabello y restaura su salud Tiene además un efecto antioxidante, ya que retarda los procesos de envejecimiento de la piel, cabello y uñas PANTONETATO DE CALCIO: Vitamina B5 Necesaria para la correcta utilización de los hidratos de carbono, las proteínas y lípidos, para lograr un cabello sano y fuerte Protege, recupera y repara cabello y uñas dañadas VITAMINA B6: Vitamina hidrosoluble esencial para la síntesis de las proteínas, entre ellas, las del cabello, piel y uñas Es necesaria para lograr la absorción del Zinc y la L-Cistina. Keywords: cuidado capilar; dermocosmética; capillaire. Presentación 30comprimidos recubiertos. Dimensiones 70mm x 30mm x 95mm. Peso 38gr.",
7798182770721,"Producto Répaphénol Corps. Marca Cepage Descripción: Crema corporal ultra hidratante Nutre y protege. Indicaciones: Crema reparadora ultra hidratante para el cuerpo Indicada para pieles deshidratadas; secas y muy secas Textura suave, emoliente y de rápida absorción. Uso: Aplicar una o dos veces al día con un ligero masaje sobre la piel limpia hasta su completa absorción. Beneficios: Répaphénol Corps proporciona ultra hidratación de forma duradera, gracias a la acción hidratante de la Urea y su asociación con Pentavitin®; un ingrediente 00% natural que garantiza una hidratación instantánea y profunda generando una reserva de humedad que dura 72horas Su fórmula, además, aporta lípidos como el Aceite de Jojoba, que restauran y refuerzan el film hidrolipídico y protector de la piel, formando una barrera protectora y manteniéndola hidratada por más tiempo Contiene Vitamina A y E que nutren y estimulan la producción de Colágeno, combinadas con nuestros exclusivos Polifenoles de UVA que poseen una acción antioxidante El ácido láctico actúa como renovador celular y mejora la textura y superficie de la piel. Keywords: hipoalergénica sin parabenos clínica y dermatológicamente testeado cruelty free; cuidado corporal; dermocosmética; hidratación; répaphénol. Presentación Pomo x 200g. Dimensiones 80mm x 50mm x 185mm. Peso 248gr.",
7798182770226,"Producto Répaphénol Pieds. Marca Cepage Descripción: Gel hidratante y reparador Pies secos, ásperos y agrietados. Indicaciones: Gel hidratante y reparador para pies secos con asperezas, rugosidades y engrosamiento de la piel. Uso: Aplicar sobre la piel limpia y seca tantas veces como sea necesario Insistir en las zonas más afectadas. Beneficios: Répaphénol Pieds es ideal para hidratar, nutrir y regenerar la piel seca de los pies, mejorando su aspecto y evitando que se formen grietas y durezas La Vitamina B5restaura eficazmente la función de barrera de la piel, estimulando la regeneración de los tejidos y mejorando así el índice de hidratación Además es rica en Urea, Manteca de Karité y Alantoína, que poseen virtudes hidratantes, suavizantes y calmantes, previniendo que se reinstale la sequedad El ácido hialurónico y el ácido láctico poseen un alto poder reparador, estimulando la regeneración de los tejidos, y ayudando a eliminar las rugosidades y engrosamientos de la piel de los pies y de los talones Gracias a nuestros exclusivos Polifenoles de UVA y a la vitamina E contiene propiedades antioxidantes. Keywords: hipoalergénica sin parabenos clínica y dermatológicamente testeado cruelty free; cuidado corporal; dermocosmética; hidratación; répaphénol. Presentación Pomo x 70g. Dimensiones 50mm x 40mm x 150mm. Peso 95gr.",
7798182770707,"Producto Répaphénol Mains. Marca Cepage Descripción: Crema reparadora Manos secas y maltratadas Hidrata, nutre y protégé. Indicaciones: Crema reparadora e hidratante para manos, incluso aquellas sometidas a agresiones diarias extremas Hidrata, nutre y protege la piel Textura suave y de rápida absorción. Uso: Aplicar sobre la piel y masajear hasta su total absorción, tantas veces como sea necesario. Beneficios: Repara y nutre la piel maltratada de las manos expuestas a agresiones frecuentes Fortalece la película hidrolipídica; refuerza su función biológica de barrera natural La acción de la urea junto con la manteca de karité y la queratina, se sinergizan para brindar ultra hidratación y nutrición a la piel de las manos Se suman propiedades antioxidantes y protectoras de la Vitamina E y los polifenoles de UVA, que proporcio una combinación perfecta para la prevención del envejecimiento, el bienestar y la belleza. Keywords: hipoalergénica sin parabenos clínica y dermatológicamente testeado cruelty free; cuidado corporal; dermocosmética; hidratación; répaphénol. Presentación Pomo x 50g. Dimensiones 125mm x 48mm x 128mm. Peso 73gr.",
7798182771186,"Producto Répaphénol Corps. Marca Cepage Descripción: Crema corporal ultra hidratante Nutre y protege. Indicaciones: Crema reparadora ultra hidratante para el cuerpo Indicada para pieles deshidratadas; secas y muy secas Textura suave, emoliente y de rápida absorción. Uso: Aplicar una o dos veces al día con un ligero masaje sobre la piel limpia hasta su completa absorción. Beneficios: Répaphénol Corps proporciona ultra hidratación de forma duradera, gracias a la acción hidratante de la Urea y su asociación con Pentavitin®; un ingrediente 00% natural que garantiza una hidratación instantánea y profunda generando una reserva de humedad que dura 72horas Su fórmula, además, aporta lípidos como el Aceite de Jojoba, que restauran y refuerzan el film hidrolipídico y protector de la piel, formando una barrera protectora y manteniéndola hidratada por más tiempo Contiene Vitamina A y E que nutren y estimulan la producción de Colágeno, combinadas con nuestros exclusivos Polifenoles de UVA que poseen una acción antioxidante El ácido láctico actúa como renovador celular y mejora la textura y superficie de la piel. Keywords: hipoalergénica sin parabenos clínica y dermatológicamente testeado cruelty free; cuidado corporal; dermocosmética; hidratación; répaphénol. Presentación Botella x 450g.",
7798182770172,"Producto Atophén Lèvres. Marca Cepage Descripción: Bálsamo hidratante y reparador para labios secos y agrietados. Indicaciones: Atophén Lèvres es un bálsamo hidratante y reparador para labios secos y agrietados. Uso: Aplicar en los labios tantas veces como sea necesario. Beneficios: Atophén Lèvres está especialmente formulado con una asociación de Manteca de Karite, Manteca de Cacao y aceites vegetales que protegen y reparan labios dañados y secos Su textura placentera se funde en los labios dejándolos humectados Posee un alto efecto antioxidante gracias a nuestros Polifenoles de Uva. Keywords: piel seca e intolerante; dermocosmética; hipoalergénico; hidratación; atophén. Presentación Labial x 4g. Dimensiones 28mm x 22mm x 90mm. Peso 18gr.",
7798182771247,"Producto Atophén LN. Marca Cepage Descripción: Loción limpiadora Limpia, desmaquilla y calma Pieles intolerantes. Indicaciones: Limpia, calma, desmaquilla y suaviza las pieles intolerantes, sensibles y/o reactivas. Uso: Aplicar con un algodón humedecido sobre todo el rostro Limpiar y/o desmaquillar la cara y los ojos con suavidad Repetir la aplicación hasta que el algodón salga limpio y secar la cara suavemente sin frotar, con una toalla limpia Con o sin enjuague No frotar. Beneficios: Atophen LN está especialmente formulada con una asociación sinérgica de activos limpiadores, hidratantes y calmantes para pieles intolerantes y sensibles Manitol y Xilitol son activos hidratantes y calmantes Oligovita™ es un activo vegetal compuesto por L-Arginina, Maca y jengibre que proporciona oligoelementos vitales para la piel Pentavitin® es un ingrediente 00 % natural que garantiza una hidratación instantánea y profunda generando una reserva de humedad por 72horas; mejora la hidratación de las células epidérmicas y refuerza el efecto barrera de la piel Posee un alto efecto antioxidante gracias a nuestros exclusivos Polifenoles de UVA Limpia suavemente, sin resecar y sin irritar la piel reactiva o alérgica Proporciona una sensación de frescura y suavidad. Keywords: hipoalergénica sin fragancia sin parabenos clínica y dermatológicamente testeado cruelty free; piel seca e intolerante; dermocosmética; limpieza; atophén. Presentación Envase x 245ml. Dimensiones 60mm x 55mm x 145mm. Peso 265gr.",
7798182770295,"Producto Atophén Riche. Marca Cepage Descripción: Crema hidratante, nutritiva y reparadora Calma, protege e hidrata Pieles intolerantes. Indicaciones: Atophén Riche es una crema hidratante, nutritiva y reparadora de larga duración para pieles secas, intolerantes, sensibles y/o reactivas Alivia la tirantez, picor, enrojecimiento y resequedad Protégé a la piel del daño producido por l luz azul y la polución. Uso: Aplicar Atophén Riche sobre la piel limpia y seca del rostro, cuello y escote Colocar sobre la piel realizando suavesmasajes circulares con la yema de los dedos Par alcanzar efectividad máxima aplicar 2veces al día (mañana y noche), o tantas veces como sea necesario. Beneficios: Atophén Riche está especialmente formulada con una asociación sinérgica de activos hidratantes, nutritivos y reparadores para pieles secas, sensibles e intolerantes Vitamina B3 (Niacinamida); Protege a la piel del daño produicido por la luz azul y la polución urbana, reduciendo la sensibilidad de la misma Unifica el tono de la piel y mejora su textura Efecto anti-stress Vitamina B5 (D Pantenol); Suaviza y calma la piel sensible e irritada y alivia picores, rojeces e inflamación Repara la barrera cutanea y colabora en la cicatrización Lipomoist™ es un film molecular que asegura ultrahidratación por 24horas Ácido Hialurónico molécula de referencia en hidratación y relleno de pequeñas líneas de expresión Omega Max™ concentrado de óleos ricos en ácidos grasos esenciales, fuente de Omega 3, 6, 7, 9y Vitamina E, asociado al Aceite de Jojoba relipidizan las pieles secas Posee ademas un alto efecto antioxidante gracias a nuestros exclusivos Polifenoles de UVA Con el uso regular la pie seca, sensible e intolerante estará protegida de agresiones internas y externas, hidratada y confortable. Keywords: hipoalergénica sin fragancia sin parabenos clínica y dermatológicamente testeado cruelty free; piel seca e intolerante; dermocosmética; hidratación; atophén. Presentación Pomo x 50g. Dimensiones 46mm x 40mm x 141mm. Peso 72gr.",
7798182770844,"Producto Atophén Fluide. Marca Cepage Descripción: Emulsión fluida Hidratante y reparadora Calma protégé e hidrata Pieles intolerantes. Indicaciones: Atophén Fluide es una emulsión fluida especialmente formulada para pieles intolerantes, sensibles y/o reactivas Calma la piel sensible e irritada aliviando picores e inflamación y la protege de la luz azul y la polución urbana Reduce la sensibilidad y mejora el aspecto general de la piel. Uso: Aplicar Atophén Fluide sobre la piel limpia y seca del rostro, cuello y escote Colocar sobre la piel realizando suaves masajes circulares con la yema de los dedos Para alcanzar efectividad máxima aplicar dos veces al día (mañana y noche). Beneficios: Atophén Fluide está especialmente formulada con una asociación sinérgica de activos hidratantes, calmantes y reparadores para pieles sensibles e intolerantes Vitamina B3 (Niacinamida); Protege a la piel de la luz azul y la polución urbana, reduciendo la sensibilidad de la misma Unifica el tono de la piel y mejora su textura Efecto Anti-stress Vitamina B5 (D Pantenol); Suaviza y calma la piel sensible e irritada y alivia picores, rojeces e inflamación Reparara la barrera cutánea y colabora en la cicatrización Lipomoist™ es un film molecular que asegura ultra hidratación por 24horas Ácido Hialurónico molécula de referencia en hidratación y relleno de pequeñas líneas de expresión Posee además, un alto efecto antioxidante gracias a nuestros exclusivos Polifenoles de UVA Con el uso regular la piel sensible e intolerate estará protegida de agresiones internas y externas, hidratada y confortable. Keywords: hipoalergénica sin fragancia sin parabenos clínica y dermatológicamente testeado cruelty free; piel seca e intolerante; dermocosmética; hidratación; atophén. Presentación Pomo x 50g. Dimensiones 46mm x 40mm x 141mm. Peso 72gr.",
7798182771285,"Producto Atophén Baumé. Marca Cepage Descripción: Bálsamo ultra emoliente Hidrata, nutre y protege Pieles secas y/o con tendencia atópica. Indicaciones: Atophén Baume es un Bálsamo extra rico especialmente formulado para pieles secas, muy secas y/o con tendencia atópica Relipidiza, hidrata y calma Alivia la tirantez, picor, enrojecimiento y resequedad Ayuda a reparar y reforzar la barrera cutánea. Uso: Aplicar Atophén Baume sobre la piel limpia y seca del rostro y/o cuerpo Para alcanzar efectividad máxima aplicar mínimo, dos veces al día. Beneficios: . Keywords: dermatológicamente y bajo control pediátrico; sin fragancia testeado clínica; hipoalergénico sin parabenos; piel seca e intolerante; dermocosmética; hidratación; atophén. Presentación Pomo x 200g.",
7798182771018,"Producto Cicanol Stries. Marca Cepage Descripción: Crema reafirmante Anti-Estrías. Indicaciones: Cicanol Stries es una crema reafirmante y regeneradora Controla y ayuda a prevenir las estrías rosadas. Uso: Aplicar Cicanol Stries dos veces al día con ligeros movimientos circulares sobre las zonas afectadas y a prevenir. Beneficios: Cicanol Stries es una crema para la prevención y cuidado de estrias incipientesSu formula contiene Vitamina A 250000UI: favorece la correcta cicatrización Promueve la elasticidad y suavidad de la piel Estimula la renovación celular Ademas, la asociación de Alantoína, Colágeno y Manteca de Karité regenera, hidrata y alivia la tirantez Posee un alto efecto antioxidante gracias a la asociación de Vitamina E y Polifenoles de UVA La piel se vuelve mas tersa y elástica, consiguiendo así un aspecto saludable. Keywords: hipoalergénica sin parabenos clínica y dermatológicamente testeado cruelty free; dermocosmética; piel dañada; cicanol. Presentación Pomo x 20g.",
7798182770257,"Producto Cicanol QD. Marca Cepage Descripción: Gel reparador epidérmico. Indicaciones: Colabora en la reparación de la piel lesionada, irritada y agrietada. Uso: Aplicar una o dos veces al día, una capa fina sobre el área afectada, limpia y seca Esperar que seque Para un mayor efecto, el área debe estar cubierta las 24horas Se recomienda utilizar durante 60-90días. Beneficios: La fórmula de Cicanol QD está desarrollada para mejorar la apariencia cosmética de la piel, creando un ambioente óptimo para la regeneración de las fibras de colágeno Ayuda a desvanecer las marcas de la piel, como cicatrices y lesiones, gracias a sus exclusivos coponentes, manteniéndola protegida e hidratada Formulado para su uso en adultos, niños y bebés a partir de los 6meses de edad. Keywords: testeado clínica y dermatológicamente y bajo control pediátrico; dermocosmética; hipoalergénico; sin parabenos; no irritante; piel dañada; cicanol. Presentación Pomo cánula x 5g. Dimensiones 30mm x 25mm x 110mm. Peso 25gr.",
7798182770646,"Producto Cicanol QD Spray. Marca Cepage Descripción: Gel de siliconas en aerosol Reparador epidérmico Diseñado para aplicar en cicatrices. Indicaciones: Gel de silicona de fórmula avanzada que ayuda a mejorar la apariencia de cicatrices Colabora en la reparación de la piel lesionada, irritada y agrietada. Uso: Agitar antes de usar Presionar el pico del spray dirigiendo la finísima nube a la zona deseada, manteniendo el envase a 30o 40centímetros de la piel durante unos segundos Aplicar una o dos veces al día, una capa fina sobre el área afectada, limpia y seca Esperar a que seque Para un mayor efecto, el área debe estar cubierta las 24horas Se recomienda utilizar durante 60/90días Su exclusiva válvula permite utilizar el spray de forma normal o invertida (con el pulsador apuntando hacia abajo). Beneficios: Cicanol QD Spray es un gel transparente auto secante formulado especialmente para aplicar en cicatrices; Tales como las producidas en intervenciones quirúrgicas, quemaduras, acné y/o estrías Actúa formando una película hidrorrepelente que aísla la pie de la humedad y de los agentes externos irritantes No obstante, no afecta la respiración normal cutánea Alivia la picazón, el disconfort general de la piel, a la vez que aplana, ablanda y suaviza las cicatrices Su exclusiva válvula permite utilizar el spray de forma normal o invertida garantizando una fácil y práctica aplicación del producto Para evitar la formación de cicatrices queloides, se sugiere utilizar tan pronto se cierre la herida o después de la retirada de suturas; Como complemento de distintos tratamientos dermatológicos. Keywords: testeado clínica y dermatológicamente; dermocosmética; hipoalergénico; sin parabenos; no irritante; piel dañada; cicanol. Presentación Aerosol 75ml. Dimensiones 40mm x 40mm x 170mm. Peso 88gr.",
7798182770240,"Producto Ongles. Marca Cepage Descripción: Fortalecedor ungueal Uñas frágiles y quebradizas. Indicaciones: Fortalecedor para uñas frágiles y quebradizas. Uso: Aplicar diariamente, preferentemente por la noche, sobre las uñas limpias y secas Esperar unos minutos a que el producto se seque, ya que es hidrosoluble Para un resultado óptimo, extender la aplicación durante al menos tres meses. Beneficios: Establece una barrera protectora sobre las agresiones externas que afectan la estructura de las uñas, proporciodo una hidratación intensa, evitando que se sequen y quiebren Su fórmula contiene hierbas ricas en silicatos, esenciales para la remineralización ungueal desde la base De esta forma, la superficie de la uña se vuelve progresivamente menos frágil y más suave Invisible y sin olor Favorece la apariencia y crecimiento de la uña. Keywords: dermocosmética; hipoalergénico; fortalecedora; ongles; uñas. Presentación 4ml. Dimensiones 75mm x 26mm x 80mm. Peso 31gr.",
7798182771032,"Producto Renovateurs Glicólico 0. Marca Cepage Descripción: Sérum renovador de Glicolico al 0% - pH 3,5. Indicaciones: Sérum facial de ácido glicólico al 0% a pH 3,5 Tiene efecto peeling Exfolia la superﬁcie de la piel, ayudando a suavizar su textura y a fomentar el proceso de renovación cutánea. Uso: Aplicar sobre la piel limpia y seca del rostro, cuello y escote por la noche Si la piel nunca utilizó ácidos se puede comenzar con un tratamiento prograsivo y alternado de a 3veces por semana En caso de ardor o irritacion prolongada, espaciar o suspender su uso Utilizar FPS 50+. Beneficios: El ácido glicólico tiene la molécula más pequeña de todos los AHAs (alfa hidroxiácidos) lo que le permite una penetración más profunda y rápida Esta capacidad lo hace más efectivo como exfoliante Su fórmula contiene bisabolol para ayudar a disminuir la irritación, si la hubiera Estimula el proceso de renovación celular cutánea Mejora la hidratación y elasticidad Aporta luminosidad y brillo Unifica el tono y contribuye a difuminar manchas Retexturiza y mejora la superficie de la piel Atenúa arrugas y líneas de expresión. Keywords: hipoalergénica sin parabenos clínica y dermatológicamente testeado cruelty free; renovación celular; dermocosmética; renovateurs; ácidos. Presentación Gotero 30ml.",
7798182771056,"Producto Renovateurs Mandélico 0. Marca Cepage Descripción: Sérum renovador de Mandélico al 0% - pH 3,5. Indicaciones: Sérum facial de ácido mandélico al 0% a pH 3,5 Tiene efecto peeling Exfolia la superﬁcie de la piel, ayudando a suavizar su textura y a fomentar el proceso de renovación cutánea Ideal para pieles sensibles y con tendencia al acné. Uso: Aplicar sobre la piel limpia y seca del rostro, cuello y escote por la noche Si la piel nunca utilizó ácidos se puede comenzar con un tratamiento progresivo y alternado de a 3veces por semana En caso de ardor o irritacion prolongada, espaciar o suspender su uso Utilizar FPS 50+. Beneficios: El ácido mandélico tiene la molécula más grande de todos los AHAs (alfa hidroxiácidos) lo que le permite una penetración más lenta en la piel Esta capacidad lo hace más adecuado para pieles sensibles Su fórmula contiene bisabolol para ayudar a disminuir la irritación, si la hubiera Estimula el proceso de renovación celular cutánea Unifica el tono y contribuye a atenuar manchas Mejora y previene el acné Retexturiza y mejora la superficie de la piel Reduce las líneas de expresión. Keywords: hipoalergénica sin parabenos clínica y dermatológicamente testeado cruelty free; renovación celular; dermocosmética; renovateurs; ácidos. Presentación Gotero 30ml.",
7798182771209,"Producto Renovateurs Glicólico 5. Marca Cepage Descripción: Crema renovadora de Glicólico al 5% - pH 3,5. Indicaciones: Crema facial de ácido glicólico al 5% a pH 3,5 Tiene efecto peeling Exfolia e hidrata la superﬁcie de la piel, ayudando a suavizar su textura y a fomentar el proceso de renovación cutánea. Uso: Aplicar sobre la piel limpia y seca del rostro, cuello y escote por la noche Si la piel nunca utilizó ácidos se puede comenzar con un tratamiento progresivo y alternado de a 3veces por semana En caso de ardor o irritacion prolongada, espaciar o suspender su uso Utilizar FPS 50+. Beneficios: Renovateurs Glicólico 5es una crema facial, formulada con un 5% de ácido glicólico (pH 3,5) El ácido glicólico tiene la molécula más pequeña de todos los AHAs (alfa hidroxiácidos) lo que le permite una penetración más profunda y rápida Esta capacidad lo hace más efectivo como exfoliante Su concentración moderada al 5% y la asociación con Lipomoist™ le confieren un alto poder hidratante Su fórmula contiene, además, bisabolol para ayudar a disminuir la irritación, si la hubiera Estimula el proceso de renovación celular cutánea Hidrata y mejora la elasticidad Aporta luminosidad y brillo Unifica el tono y contribuye a difuminar manchas Retexturiza y mejora la superficie de la piel Atenúa arrugas y líneas de expresión. Keywords: sin fragancia clínica y dermatológicamente testeado; renovación celular; dermocosmética; renovateurs; ácidos. Presentación Frasco 50g.",
